1444310018,244.445013,4026.482502,244.5581764,984253.5675,241.6985995,471842.4704,241.6877357,1952.281397
1444313626,246.1626959,1813.732934,246.728567,446473.3886,241.4183046,112480.3392,241.3645141,466.0185433
1444317232,246.0577045,1682.596795,246.6744614,414015.9051,241.9476312,149383.6731,241.9243406,617.4809558
1444320832,245.3307751,2475.12535,245.8733058,607224.4206,242.5890316,298436.1184,242.5657693,1230.330723
1444324434,249.3729485,2017.535808,251.3577748,503118.8531,242.1417207,3821548.326,242.1397426,15782.40848
1444328035,251.9300711,1425.478601,254.3668067,359120.9253,241.4999332,1014366.299,241.4865208,4200.508981
1444331649,249.2221767,1728.719667,251.4813504,430835.2782,241.5511026,226211.9075,241.5169055,936.6297029
1444335256,247.3656173,2148.938066,248.8360885,531573.3914,241.3431036,119473.1685,241.2906545,495.1421294
1444338856,246.1350148,1282.157936,247.3645119,315583.9626,241.6437251,61543.80213,241.5078394,254.8314882
1444342458,251.7648089,1490.274658,255.5764127,375198.7145,240.8672662,337781.855,240.8491526,1402.462294
1444346078,249.5904179,869.1557112,252.2180326,216932.9372,243.2505861,34354731.65,243.2493153,141232.5934
1444349679,244.1253508,3091.375117,244.6453808,754683.035,241.5114449,65910.78252,241.1470419,273.3219616
1444353281,243.7101714,4709.100926,243.9652777,1147655.794,240.5394195,124613.9671,240.4875126,518.1722981
1444356882,254.4739048,549.3967805,257.3406216,139807.144,241.7240157,42862.04489,241.5609525,177.4378038
1444360485,247.3331278,994.1852289,250.4915057,245894.9422,240.8690909,145271.0452,240.8398602,603.1852247
1444364097,244.2092593,633.0545017,245.0644916,154597.771,241.4427099,49126.5159,241.2978866,203.5928146
1444367700,246.4290316,476.7199349,247.3496491,117477.6319,241.8552054,83830.23836,241.8140996,346.6722516
1444371303,243.4546977,1481.2048,243.6808295,360606.2667,240.4486649,207549196.1,240.4485416,863175.1089
1444374914,243.3710445,1124.742177,243.5674599,273729.6783,239.8584748,200143201.1,239.8580589,834423.5004
1444378534,243.861806,1044.59451,244.7307319,254736.7039,240.8552418,300257933.7,240.8546763,1246635.267
1444382137,242.258989,649.1506418,242.3425638,157262.5782,242.6531438,16428743.43,242.6468594,67706.39221
1444385746,242.9458701,1194.986761,243.1075537,290317.0984,241.4685911,64219.59476,241.1412634,266.3152454
1444389351,244.1555442,1767.413292,244.5395173,431523.7542,241.5022002,248442.2323,241.490344,1028.787438
1444392960,244.6488239,1069.864562,244.8822078,261741.1068,241.8270207,100162909.1,241.8270019,414192.4116
1444396560,245.9496687,2077.545735,246.535123,510971.6852,241.9097727,319376.4249,241.9005378,1320.279929
1444400170,245.3858839,1933.664113,246.1013189,474493.8776,241.7694391,1038271.887,241.7654824,4294.541457
1444403770,247.1199505,1386.478412,248.1226198,342626.4765,241.8355968,200214711.9,241.8355735,827896.033
1444407370,250.623551,1493.732149,253.0516865,374364.4555,241.7867072,107413786.7,241.7866439,444250.2903
1444410986,253.3076485,1131.001771,257.1513163,286491.399,242.0446488,300743370.8,242.0446085,1242512.166
1444414588,250.1084153,1226.105003,253.245611,306659.1793,242.0641048,1379016.557,242.0592315,5697.021132
1444418196,258.3865174,897.7599445,265.4262229,231969.0655,242.0939882,906397.87,242.0588854,3744.534594
1444421815,255.6635455,675.9900393,259.1314241,172826.0101,242.1065318,556378.3218,242.0919986,2298.210288
1444425418,252.9070576,1241.033678,257.1198866,313866.1759,242.0170865,110373.2116,241.8572865,456.3567762
1444429018,253.4223143,556.1219298,257.1601859,140933.7065,241.7225655,483714.561,241.7148993,2001.178092
1444432622,253.1146535,439.9465679,256.4010601,111356.9231,242.488777,258345.2272,242.3983956,1065.787695
1444436224,254.8709185,741.298438,259.6583522,188935.4138,242.1535148,369896.7948,242.1103634,1527.802403
1444439837,247.2448909,1696.023977,247.967293,419333.2632,241.8605763,100589399.7,241.8605246,415898.3771
1444443445,245.9318538,4740.583119,246.3504452,1165860.395,242.2884195,741030.7136,242.2764943,3058.615801
1444447050,245.4118113,6889.935741,245.612262,1690871.61,242.5321281,561887.552,242.5156975,2316.912092
1444450659,245.1049824,302.7902123,245.4732193,74215.38964,242.3108426,824686.355,242.3051537,3403.503155
1444454279,244.9474635,818.4887307,245.3025148,200486.7385,242.5866881,331004.9746,242.5628087,1364.615525
1444457881,244.3281175,1519.808267,244.4463845,371331.8929,242.7363665,572758.1413,242.7278076,2359.672536
1444461486,244.7224611,647.6294173,245.173771,158489.4649,242.5302364,115085.8779,242.5031883,474.5747
1444465089,245.0001363,810.72724,245.5013768,198628.2843,242.9768122,24035.78096,242.8429424,98.97665019
1444468721,244.1117703,1491.964275,244.3622456,364206.0403,241.463361,1297291.995,241.4600652,5372.697941
1444472323,242.9207307,425.6854712,243.1807416,103407.8257,242.0235124,68305.90068,241.9989152,282.2570532
1444475928,248.0470795,484.3766828,250.5868572,120148.2215,241.2389907,100646747,241.2389728,417207.6587
1444479574,244.9893306,684.6671239,245.5330935,167736.1404,241.9222606,195390.859,241.9128508,807.6911101
1444483177,247.5012039,353.0561535,249.2144707,87381.82302,242.0221214,980060.0767,242.0135677,4049.607987
1444486791,246.0870664,1621.965679,246.609216,399144.7758,241.8871678,100031197.4,241.887123,413544.9469
1444490394,248.5465882,890.7381831,249.7076724,221389.9364,242.4348288,233545078.2,242.4347884,963331.5409
1444493994,247.5551966,2043.664237,248.3626405,505919.7018,242.7251755,200369940.4,242.7251443,825501.3753
1444497596,250.6883454,1661.900779,252.8100122,416619.1564,243.2531861,300135114.3,243.2530254,1233839.183
1444501198,251.1145697,802.9879988,253.7740623,201641.9858,243.1332592,100277963.1,243.1331371,412440.5432
1444504802,253.1734839,903.7337779,256.7191594,228801.4291,243.3374928,42067.3217,243.2233803,172.9575572
1444508413,253.0876661,636.2663028,257.0991248,161031.1536,244.5896961,95541.39617,243.9884163,391.5816891
1444512014,258.9290171,570.444181,265.3902618,147704.5511,243.0546247,200621450.3,243.0545358,825417.4299
1444515619,252.3664751,474.739586,255.9949437,119808.3559,243.1664268,202277734.2,243.1663562,831849.181
1444519260,256.5758456,442.7875648,261.9454395,113608.5939,242.9884476,300053579.9,242.9879053,1234849.856
1444522878,258.5703435,411.5191753,263.6698179,106406.6545,243.0402595,200122698.6,243.0401943,823414.0001
1444526534,249.3282481,1924.120456,251.5588018,479737.5825,243.0872203,400170279.3,243.0870568,1646201.507
1444530139,251.9117672,617.8750926,255.8857844,155650.0065,242.7253496,100052965.1,242.7252733,412206.6227
1444533741,247.6700342,1057.820383,249.1138409,261990.4104,242.978366,100029808,242.9782611,411682.1294
1444537346,247.8222638,310.9002699,249.056937,77048.00869,243.1573531,50029572.57,243.1572892,205749.8368
1444540948,245.5776433,649.4277751,245.6940852,159484.9425,242.9157156,200103475,242.9156922,823756.8893
1444544562,246.5257694,589.443602,247.2045293,145313.0375,242.467114,389837.8886,242.456331,1607.868465
1444548163,245.0884657,507.702027,245.4927929,124431.9108,243.0186364,201075764.6,243.0186018,827408.9439
1444551767,246.9913652,264.1784642,247.5670363,65249.79951,243.0000338,100032875.5,243.0000108,411657.9058
1444555396,243.4850581,468.4424422,243.9030742,114058.7353,241.8748319,394072.0238,241.8702828,1629.270116
1444559014,247.5684771,798.4906228,249.7665778,197681.1074,241.9477787,356102.1706,241.9413565,1471.853245
1444562615,251.8652174,201.612927,255.2658459,50779.28368,242.5032155,109864.1504,242.4854105,453.0753013
1444566258,247.605663,472.7266987,248.9606438,117049.8076,242.7095287,100806436,242.7095097,415337.8092
1444569871,254.3433759,328.0836404,260.8825565,83445.90068,242.5462198,24213.86022,242.4549894,99.86950683
1444573475,249.3027691,702.1059289,251.9843859,175036.9523,242.0341084,65147737.33,242.0335971,269168.1573
1444577078,251.0739833,498.7109797,253.6920285,125213.3522,242.5831019,150921509.6,242.5829674,622143.8843
1444580678,248.1419684,5003.573532,248.6921446,1241596.585,244.5104555,227743520,244.5102504,931427.29
1444584279,249.7213723,2121.26326,250.8256817,529724.7723,245.8497144,300365683.4,245.8383863,1221801.395
1444587882,255.6800719,718.3608439,259.9456288,183670.5523,244.333215,100501973.4,244.3331398,411331.7312
1444591483,250.9940058,878.5908233,252.7035669,220521.0302,244.4126232,100754213,244.4125728,412230.074
1444595088,251.09555,942.8744692,252.7190675,236751.5834,244.1413457,101305493.3,244.1412275,414946.2763
1444598688,248.2125052,6199.953691,248.4546666,1538906.038,244.3468071,100588449.5,244.3467145,411662.787
1444602288,248.8518781,6695.733328,249.4040654,1666245.814,244.4698816,4128254.647,244.4666495,16886.78049
1444605888,251.2896457,636.0818561,252.9916546,159840.7843,244.7772999,364942.9743,244.7501725,1491.083625
1444609498,249.6360093,1032.47699,250.6699867,257743.4355,244.2401738,100596159.7,244.2401166,411874.0241
1444613098,252.0514324,610.6043282,253.5574966,153903.6955,244.0942141,416704.3692,244.0804821,1707.241667
1444616699,250.0990208,884.3283619,251.2940802,221169.6574,243.9136571,400236430.4,243.9135803,1640894.41
1444620304,250.0486095,882.6391915,251.1876252,220702.7025,244.1579737,200048956.9,244.1579188,819342.4891
1444623919,249.6879564,619.5690564,250.6663575,154698.9316,244.176958,916403.6646,244.1699774,3753.138181
1444627523,247.5261286,708.8590757,247.8040416,175461.1427,244.1068235,200300023,244.10676,820542.7127
1444631136,250.9008384,288.1101233,251.9272617,72287.07147,243.9713193,100044231.4,243.9712999,410065.5752
1444634739,245.7099221,731.6328587,246.0857516,179769.4527,244.2477372,107590.3148,244.1971333,440.5879521
1444638339,246.1872793,2213.360166,246.3212989,544901.1175,244.5657484,201522593.8,244.5657133,824001.8238
1444641955,247.5120885,1015.837624,247.7364142,251432.092,244.2879014,942156.3502,244.28098,3856.855127
1444645567,245.8160377,1246.2171,246.0688576,306340.1495,244.7890793,101487262.4,244.7889985,414590.7825
1444649202,246.2443532,2475.819118,246.3967003,609656.4774,243.6427976,535472.1432,243.6291041,2197.898914
1444652804,246.8348212,2686.869622,247.3016406,663212.9826,243.3228456,150169103.2,243.322738,617160.1737
1444656405,247.1260823,1317.732441,247.631178,325646.0556,242.677168,417028004.6,242.6770163,1718448.706
1444660017,248.6160995,1879.799062,249.3528674,467348.3106,243.1230404,211279.3832,243.0940634,869.1260501
1444663631,251.634199,1231.702017,253.6757283,309938.3505,244.6918322,21142.37439,244.510479,86.46817296
1444667247,251.8142244,1079.70931,253.5871238,271886.1625,242.8010383,599280.4397,242.7854696,2468.353813
1444670850,250.0224413,2209.408615,251.7936587,552401.7359,245.4431486,29501.10265,245.1855934,120.3215174
1444674459,248.0899368,1794.717614,249.6858157,445251.3794,242.6399616,100127197.3,242.6398631,412657.6564
1444678071,251.4884678,1239.953603,253.9524776,311834.0318,243.3036614,187302.2679,243.1584262,770.2890285
1444681672,257.4284764,877.0239241,262.2017372,225770.9325,243.2322412,81245.05393,243.0041679,334.3360513
1444685274,256.2201408,650.5218142,260.8296417,166676.7908,243.7370563,110601.6062,242.6085275,455.8850728
1444688876,252.5408959,1123.069392,255.6407537,283620.9504,242.4205044,83436.06219,242.3158694,344.3276843
1444692478,248.4361112,1959.667635,250.0751047,486852.2066,242.50936,95816.7892,242.4187345,395.2532357
1444696092,249.7902482,1466.18261,252.1351935,366238.1182,242.1562389,466816.9934,242.1012131,1928.189402
1444699692,245.5760178,6386.637336,246.1596914,1568404.964,241.6416646,100399855,241.6416146,415490.747
1444703292,246.5524177,1762.332334,247.3743889,434507.2978,240.8664411,100145812.1,240.8663477,415773.366
1444706894,244.6320334,8198.31683,244.7202955,2005570.917,241.9961257,100451626.5,241.9961004,415096.0544
1444710496,248.1960768,488.4844622,249.1776267,121239.9271,241.8057741,113587.0545,241.7349108,469.8827083
1444714098,246.9455399,369.32819,247.8452069,91203.94927,245.1041188,32201.89215,243.4426517,132.2771171
1444717718,246.0415233,1889.905793,246.2274371,464995.3002,242.6354528,329809.5934,242.6144399,1359.398037
1444721319,246.8334498,3717.295194,246.9209122,917552.7967,246.0596725,100432405.8,246.059484,408163.1164
1444724919,246.7760792,1723.149916,246.9454953,425232.1801,243.9564104,821107.1084,243.9485596,3365.902671
1444728544,247.3108823,723.8466945,247.7471997,179015.1647,244.8040912,200409408.1,244.8040465,818652.3506
1444732169,247.0075826,1393.083849,247.2788454,344102.274,244.3974039,300233373.2,244.397332,1228464.201
1444735781,250.2221824,8964.676558,250.2951985,2243160.933,245.5418762,403652662.1,245.5361393,1643964.36
1444739381,251.1702497,3010.784935,251.3599398,756219.6041,247.174958,100403629.1,247.1747003,406205.1211
1444742981,251.8748457,2619.486155,252.8010131,659782.6711,246.053163,200411390.3,246.0514581,814510.0697
1444746581,250.8168375,4770.629434,251.6433251,1196554.187,244.969072,109160609.1,244.9687833,445610.2839
1444750181,251.1360717,3441.745987,252.0376726,864346.567,245.7058629,358211.4079,245.6831146,1458.022089
1444753781,257.1259877,1396.960181,259.8674139,359194.7664,246.2235901,86166.55577,246.0815586,350.1544621
1444757381,253.9062857,2079.092862,255.5812457,527894.7463,245.8085662,143256.9738,245.7224457,583.0032068
1444760981,256.4992516,1752.763327,259.3026114,449582.4816,245.8280701,302774.2225,245.7979129,1231.801437
1444764581,255.9431834,1635.719118,258.3698347,418651.1584,246.2318744,101063339.3,246.2316841,410440.028
1444768181,254.9015731,1802.783371,257.0829561,459532.3171,245.8446533,201498198.6,245.8444701,819616.5587
1444771782,262.5435003,831.8612297,269.5889238,218399.759,247.263526,30819.78051,246.8265514,124.8641215
1444775383,256.1720991,1282.389721,259.3654475,328512.4668,247.6837464,43102.0413,247.3191308,174.2770208
1444778990,258.076503,1233.87644,262.2928146,318434.5168,245.6630187,865465.0208,245.6523417,3523.129536
1444782591,261.2948231,815.6386935,266.4433782,213122.1681,246.6944062,51181.04943,246.5432464,207.5946114
1444786192,256.458832,1196.694502,260.4999185,306902.8743,246.632683,400495715.9,246.6323476,1623857.21
1444789796,255.161857,1502.101077,258.5051816,383278.9002,246.9894298,200063780.1,246.9891715,810010.3292
1444793400,250.0267936,6682.761528,250.5299641,1670869.437,246.040113,175040224.7,246.0399992,711429.9517
1444797017,250.0059609,6379.800561,250.1316914,1594988.17,246.5549667,200299032.8,246.5549122,812391.1666
1444800620,251.1431135,1067.802091,251.8094718,268171.1418,246.9653492,337667.149,246.953266,1367.332186
1444804221,251.0603017,1421.542456,251.5552847,356892.8779,247.9786023,100292277.7,247.9785461,404439.3325
1444807827,250.3572432,2001.095617,250.4323651,500988.782,248.5469026,100667748.3,248.5468578,405025.2304
1444811427,249.438174,1804.645997,249.5256581,450147.6023,247.1740135,100164428,247.1739909,405238.5434
1444815027,249.5261137,1973.343241,249.7279328,492400.67,247.3915556,200601124.1,247.391506,810865.0427
1444818635,251.178545,933.4049658,251.5564062,234451.3012,248.1913262,200220571,248.190688,806720.7221
1444822241,249.7693613,930.7561868,249.8303057,232474.3783,249.7406699,252820.9243,249.7336527,1012.362257
1444825848,251.9746792,2023.7887,252.6972804,509943.5086,249.9197983,1748557.271,249.9167752,6996.558234
1444829451,252.0632748,2902.124659,252.5560258,731519.0452,249.1703602,400134943.5,249.1703332,1605869.119
1444833051,253.073502,3805.17309,253.673111,962988.4795,251.0806714,351036994.9,251.0678779,1398175.656
1444836651,254.228725,4369.082776,254.6861833,1110746.343,250.0326592,1490441.907,250.0262966,5961.140595
1444840254,255.5545932,4268.296934,256.2519246,1090782.887,250.9631285,396055.2143,250.9180764,1578.424401
1444843855,258.328624,2708.204738,260.5614394,699606.8034,252.4043741,626353.4597,252.3910658,2481.678413
1444847456,257.1551073,2797.53244,258.7005265,719399.7549,251.0138633,200833693.5,251.0085797,800106.8877
1444851062,260.3325887,1576.14215,263.4625561,410321.1661,250.6461284,57747.12048,250.4448886,230.5781555
1444854664,258.5563133,1567.486193,261.0164796,405283.4512,249.8108329,100495004.8,249.8107443,402284.5579
1444858268,264.1962478,1164.575404,269.2040311,307676.4519,250.7765876,268645.6473,250.7115459,1071.53281
1444861877,261.0107365,1128.789505,265.0053828,294626.1801,250.3198943,150383428.4,250.3197537,600765.326
1444865487,264.8351009,585.4217385,270.5102468,155040.2251,250.9565289,64298.08583,250.7985662,256.3734187
1444869111,267.9671445,738.2588112,274.7438065,197829.1056,250.2856656,126045.0726,250.1372119,503.903724
1444872722,259.7421589,1045.914055,262.6556553,271667.9746,250.7722191,441507.3602,250.7351807,1760.851265
1444876323,256.2711837,2480.231263,256.7502365,635611.8016,252.4133358,272593.4291,252.3975724,1080.01605
1444879924,255.1164434,2040.131105,255.2095724,520470.9916,251.96959,301626467.3,251.9694232,1197075.675
1444883527,255.5141108,6485.697992,255.6193104,1657187.356,253.5061643,200294050,253.5061128,790095.5434
1444887131,255.2892179,4582.20637,255.3156802,1169787.88,252.5512719,278192.1032,252.5402953,1101.575109
1444890732,254.417843,837.4291676,255.0420672,213056.9225,252.3135302,100702369.4,252.3134739,399116.0987
1444894351,253.353253,1468.881343,253.7726178,372145.8666,252.0570049,203485454,252.0562974,807301.6071
1444897954,252.7671389,2260.682752,252.9393786,571426.3113,251.8723374,178832.0169,251.861842,710.0401372
1444901559,253.6781381,1320.337575,253.8547092,334940.7777,251.6482552,201958414.1,251.6481691,802542.7519
1444905174,255.5127598,711.0321162,256.2069648,181677.7783,254.4880717,389027.0398,254.2797446,1529.917534
1444908777,255.4636901,1283.264617,255.6327124,327827.5144,254.6556746,726601.0397,254.6530832,2853.297634
1444912383,256.6006655,1327.823592,257.3761761,340720.4175,253.4444473,202285205.4,253.4440355,798145.4565
1444915989,257.8427938,2402.55219,258.8981957,619480.769,253.150316,200469266.8,253.1499655,791899.246
1444919589,257.3195481,4696.656104,257.789333,1208541.426,255.0266946,1171714.738,255.0196834,4594.605101
1444923190,256.9861079,3840.552473,257.8217642,986968.6319,253.6810444,7991827.436,253.6792308,31503.67261
1444926791,259.68406,2163.338896,261.7204718,561784.6277,254.5110267,674693.4893,254.4880443,2651.179513
1444930393,260.4814079,2498.90146,263.2131585,650917.3707,254.138671,100104374.3,254.1385855,393896.7951
1444934009,262.5904193,1160.528615,265.599234,304743.6957,253.5125895,100145031.7,253.5124769,395029.9921
1444937610,261.6045958,1691.84885,264.8687674,442595.4346,253.5672756,300290866,253.5671056,1184265.859
1444941216,268.1364725,952.7090318,274.1134783,255456.0391,254.436304,143372.4435,254.3100657,563.7702271
1444944821,262.8873589,1109.753421,267.1577469,291740.1457,253.4551124,757674.8205,253.4361985,2989.607739
1444948435,264.2307969,831.7349616,269.5196117,219769.9917,253.4724578,75025.24194,253.3232399,296.1640707
1444952036,261.8271526,1242.403415,266.2193155,325294.9485,253.5026116,1851915.546,253.4940228,7305.559024
1444955636,265.1663982,610.0133464,274.5659751,161755.0419,253.857619,558315.7922,253.8362892,2199.511322
1444959247,257.5050336,3071.628535,258.756187,790959.8091,254.2067988,166766.7853,254.1149741,656.2650858
1444962847,257.2329462,2020.339279,257.8699384,519697.825,254.8732488,706421.6143,254.856428,2771.841463
1444966449,258.3096591,1200.978066,259.8468695,310224.2349,254.4203247,240776.0422,254.3721228,946.55043
1444970052,256.9719239,1160.02567,257.6404548,298094.0283,254.151232,324720.3001,254.0730229,1278.058947
1444973654,256.4209005,2642.929727,256.5879912,677702.4207,254.6724819,385530.4527,254.6359649,1514.045562
1444977255,257.2296811,1269.520256,257.5117903,326558.2907,254.5848785,151619.3471,254.5426583,595.6539787
1444980860,257.3189007,3439.802819,257.3430454,885126.2801,255.5439084,100218778.8,255.5438795,392178.3569
1444984460,258.9382411,2437.938523,259.0911515,631275.5131,256.3234854,1161118.78,256.315102,4530.04435
1444988060,260.4549667,3380.659475,260.5926286,880509.5508,258.7860483,150377478.2,258.7859425,581088.2802
1444991666,259.229652,2233.259469,259.4151495,578927.075,258.8167113,50241671.97,258.8166626,194120.701
1444995273,260.3361011,1411.8971,260.7687536,367567.7861,258.4965853,100394996.2,258.4965586,388380.3975
1444998878,260.9055922,3586.893466,261.2346114,935840.5639,259.0211784,69963.61045,258.6596,270.485265
1445002484,262.0707808,3994.737308,262.5481051,1046903.925,259.2686561,300163483,259.2683856,1157732.681
1445006087,264.7321195,4713.749353,265.514164,1247880.857,260.508902,500316624.2,260.5052204,1920562.757
1445009688,265.2583018,6794.832365,265.5632825,1802385.694,262.453483,201341093.8,262.4533575,767150.0024
1445013296,266.516952,6673.439365,266.9592582,1778584.719,263.339634,600504030.8,263.3392905,2280343.467
1445016897,264.3077692,11082.99247,264.5512106,2929321.017,260.6953955,100536323.9,260.6951608,385647.0662
1445020497,268.3226969,2026.55452,269.6577052,543770.5744,262.403398,100048601.2,262.4033105,381277.9688
1445024100,269.7576052,2801.944476,272.3941692,755845.8319,262.0165406,372393.2623,261.9505077,1421.616876
1445027700,263.388115,5506.119842,264.2605568,1450246.526,260.2753968,160096.8363,260.0749531,615.5796026
1445031301,266.1410627,2109.312359,268.5090597,561374.6328,258.5046179,100469717.4,258.504489,388657.5346
1445034903,264.0514851,3504.711611,265.7565973,925424.3057,259.0390749,303000193.4,259.0389993,1169708.786
1445038510,266.4468352,2370.22115,268.6130561,631537.924,260.7139515,78674.66533,260.6168845,301.8786196
1445042121,268.3957749,1349.257595,271.0658683,362135.0379,260.8389021,101162594.4,260.8387643,387835.7371
1445045732,267.4860886,2697.866919,268.5553426,721641.8697,262.8184031,2260898.109,262.8099055,8602.788791
1445049332,268.4405187,3796.19694,269.4970238,1019053.076,264.8315198,101340888.3,264.8314128,382661.8873
1445052932,267.3816384,3198.782796,267.7375984,855295.7848,265.4354133,300826878.8,265.4352929,1133334.138
1445056542,269.873229,5826.569262,269.9484578,1572435.061,268.3175763,300892283.5,268.3166873,1121407.269
1445060145,267.9869596,9996.164736,268.0389847,2678841.796,266.901408,501097137.4,266.9002539,1877469.692
1445063757,268.4971313,2798.830671,268.562591,751478.0062,264.9778417,200665356,264.9774659,757292.1545
1445067360,268.8574156,2471.33673,269.0953937,664437.2064,265.4902809,100204526.2,265.4902132,377432.0908
1445070965,270.2244941,3243.104272,270.3637794,876366.2112,266.3639451,101290227,266.363853,380270.1675
1445074573,270.6528885,3114.472556,270.711897,842940.9936,268.587381,48750.55243,268.5546243,181.5293725
1445078177,271.0817132,1594.097798,271.1972661,432130.7621,268.3492594,200038526.2,268.3488693,745442.0311
1445081778,271.0389432,2376.903046,271.29896,644233.2899,267.7048668,100066407.4,267.7048372,373793.7964
1445085389,273.3850534,1137.371878,275.3413401,310940.4717,268.7493972,413974.2887,268.736917,1540.444437
1445088990,273.5295507,9332.594679,273.7044822,2552740.429,271.6722898,251700510,271.6716168,926488.0628
1445092590,272.9406637,3212.996126,273.4492726,876957.2952,270.9708618,202010465.3,270.9707239,745506.6081
1445096198,274.4327036,3136.963064,275.5363022,860885.2547,270.6756422,101042151,270.6754021,373296.3918
1445099802,271.8711232,3718.620913,272.8410277,1010985.645,266.7077839,201406303.6,266.7073424,755158.4513
1445103402,269.8565631,6549.389098,270.2899958,1767395.633,266.2196364,301085261,266.2162706,1130979.937
1445107002,266.2145365,9374.484021,266.4663413,2495623.918,263.0567569,101431302.1,263.0565333,385587.4661
1445110603,269.6620649,1680.186171,271.4935451,453082.4723,263.7400098,201260002.6,263.7398035,763100.6011
1445114235,270.4724353,1166.540595,272.2889787,315517.0757,263.9453298,496862.259,263.9188561,1882.632664
1445117836,270.7888289,2695.288755,271.6322582,729854.0854,266.5567991,100980212.3,266.5562261,378832.6904
1445121439,272.8544903,3973.792073,273.8284966,1084267.01,265.2462882,700974253.6,265.245926,2642733.347
1445125055,274.8516637,1573.173843,276.3439533,432389.4481,265.674679,900085029,265.6745181,3387923.823
1445128669,275.177553,1017.557254,277.9078244,280008.9152,267.4182546,2073980.136,267.4118794,7755.751694
1445132275,273.5881924,1812.166898,275.0381554,495787.4661,267.5293473,598707.1751,267.4951195,2238.1985
1445135878,270.4107072,1280.476797,271.0490553,346254.6361,266.9421116,101444082.9,266.9419532,380023.0037
1445139482,272.2583078,528.7096341,273.0600837,143945.5903,267.6361944,652858.4229,267.6263318,2439.440165
1445143124,269.3145063,1155.890469,269.5680654,311298.0709,266.2631429,527720.4952,266.253957,1982.019351
1445146730,270.7553002,795.5161247,271.1303297,215390.2071,267.1306301,224442.7036,267.1137803,840.2513093
1445150330,268.9126854,1597.163372,269.0087651,429497.4913,266.5952244,100618818.7,266.5951907,377421.7323
1445153950,269.2858618,1366.710949,269.4825166,368035.9358,267.1495701,350844063.6,267.1472609,1313298.375
1445157616,268.2372504,1838.457707,268.4754684,493142.8405,266.4411827,795522.2491,266.4195238,2985.975794
1445161216,267.3668825,2273.432302,267.4443635,607840.5071,263.2062922,101378022.8,263.2060386,385166.0217
1445164818,267.6711178,1092.808258,267.8467606,292513.2078,261.9799295,47364.00454,261.9229616,180.831815
1445168445,265.2167671,1761.639135,265.8115273,467216.2363,264.7377024,59515.59265,264.619374,224.9101861
1445172050,266.0286512,2079.942183,266.3024114,553324.2136,260.0005575,100032580.8,260.0005201,384739.9259
1445175653,264.9385755,3934.204275,265.2681968,1042322.476,258.6372347,50722375.37,258.6362086,196114.7499
1445179255,263.3112513,4011.697108,263.6611067,1056324.985,258.3058928,102309647.3,258.3057561,396079.6263
1445182868,263.739399,3752.199654,264.23319,989602.8817,258.1618684,1231635.427,258.1502143,4771.002921
1445186468,266.8748994,1235.60543,269.8117482,329752.0748,260.3279706,100472246.8,260.3278849,385945.0047
1445190158,265.4434601,1751.348404,267.0617953,464883.9804,259.0741044,564834.1161,259.0607049,2180.315676
1445193767,267.891874,650.2596231,270.5478257,174199.269,259.26596,417923.7353,259.2193604,1612.239667
1445197381,268.3166726,922.427984,271.3131116,247502.8073,259.7549452,100381609.1,259.7546997,386447.7108
1445200996,265.3315531,1145.240345,266.9888913,303868.3994,259.8184549,100720007.5,259.8182965,387655.561
1445204607,266.6195876,663.1781192,269.0944461,176816.2767,257.7187866,200492621.5,257.7166077,777957.708
1445208215,264.3473018,1234.229442,265.4413449,326265.2229,264.9589493,28735.12299,262.2180984,109.5848195
1445211816,262.217548,5565.916,262.4798928,1459480.846,259.1931115,964069.9808,259.1816165,3719.669604
1445215418,267.7509771,948.2785744,269.3278077,253902.5149,259.0542776,307483.724,259.0198212,1187.104997
1445219037,264.9683372,1052.107083,265.6346061,278775.0643,258.8303017,5782463.534,258.8270641,22341.03128
1445222649,265.6431836,854.2388439,266.8221911,226922.7261,257.891726,101469896.2,257.8916244,393459.4482
1445226253,266.6631867,1749.566787,267.4519526,466545.0548,260.3966998,101656323.4,260.3963683,390390.711
1445229861,264.1006614,1256.911148,264.7008787,331951.0656,259.3209856,401709536,259.3192775,1549092.454
1445233463,262.3721872,1615.914295,262.4648469,423970.968,258.0750841,100883207.6,258.0750081,390906.5366
1445237072,261.8744756,1325.784184,261.98568,347189.038,258.6434217,100611270.9,258.6433864,388996.109
1445240703,261.9322208,2661.187711,262.0715866,697050.8071,259.7083745,100497799.9,259.708195,386964.3
1445244315,262.4184131,1859.591814,262.4549518,487991.1328,261.5217745,124659.8168,261.4223738,476.8521338
1445247915,262.9956992,2383.171151,263.1684318,626763.7633,259.8274311,200499012.7,259.8273362,771662.5036
1445251535,263.9482061,1159.388645,264.5919741,306018.5531,259.3185235,200134064.6,259.3181559,771770.3526
1445255137,263.5440486,1460.079474,263.9794339,384795.2557,259.1620777,200129746,259.1619714,772218.7978
1445258746,263.5385183,2815.509121,263.8218324,741995.1019,260.7912039,234549.8525,260.7590215,899.4889274
1445262347,266.8397856,2091.998713,267.4714261,558228.4881,260.7591707,356719.5223,260.732114,1368.145706
1445265961,267.6774022,2309.542219,268.8145473,618212.2614,260.9454673,201648051.7,260.9454232,772759.4884
1445269563,267.3175183,1829.732775,268.2458111,489119.6247,262.1148752,301371263.8,262.1080281,1149797.913
1445273176,269.7819701,1781.69515,271.6429591,480669.2278,260.9959851,100407978.5,260.9958946,384710.9496
1445276779,268.3192009,2331.758246,269.9650286,625655.5093,262.3518163,200229993.9,262.3482689,763222.0893
1445280379,267.431793,2171.114583,269.0488255,580625.0656,261.3808556,203708.0423,261.284283,779.6413925
1445283993,270.9574478,1705.283444,274.2747109,462059.2498,261.6214952,506696436.8,261.6211069,1936756.719
1445287598,271.2456558,1336.949628,274.611238,362641.7786,260.616249,100355133.3,260.6153522,385069.9218
1445291199,266.5173228,2087.624732,267.7629286,556388.1547,261.0003937,100410937.2,261.0002913,384715.805
1445294800,275.4858856,1213.399543,281.0333823,334274.4476,263.4723437,884183.366,263.4537346,3356.123865
1445298400,267.8726677,3149.310687,269.2301319,843614.255,261.7866972,303502055.2,261.7848146,1159356.992
1445302002,269.0618579,3130.799499,271.2003768,842378.73,262.1064721,50367499.13,262.1061227,192164.5272
1445305605,266.8859263,4743.858682,267.8732319,1266069.119,263.0347207,800575872.8,263.0347047,3043613.1
1445309207,265.6962311,3824.297339,266.8763475,1016101.39,264.7881796,54837.54349,264.3400961,207.4507209
1445312854,264.6971646,2291.180992,265.1048139,606469.112,263.0781834,100454154.1,263.0780826,381841.5926
1445316455,266.0259166,980.6899202,267.0347917,260888.9349,262.4711417,83724044.13,262.4695394,318985.7548
1445320060,266.8222622,1573.123782,267.4472148,419744.4463,262.1270051,114474620.8,262.1268715,436714.558
1445323682,265.8893593,3102.914369,266.0840963,825031.9136,264.6721684,112673355.1,264.6718373,425709.6495
1445327292,267.1007728,2659.875985,267.2604608,710454.931,264.525663,93535.83009,264.4979163,353.6354138
1445330901,267.4592607,1899.287138,267.8199154,507981.9339,266.6575818,51182.45193,266.4395091,192.0978315
1445334501,265.6026751,2256.165117,265.7008756,599243.4906,266.4454693,37095.83253,266.157515,139.3754842
1445338103,267.0967756,1450.73135,267.5419808,387485.6659,263.7010468,100225883,263.7010117,380073.942
1445341715,266.5707715,1576.747799,266.6337431,420314.8771,264.5870452,776831.0847,264.5816471,2936.073205
1445345315,268.538466,2936.858344,268.9246466,788659.4344,264.2851341,101758196.2,264.2850835,385031.9316
1445348915,269.2962892,2914.534883,269.7500815,784873.4286,264.721946,100345743.5,264.7219004,379060.982
1445352529,270.6140413,2522.253755,271.3473593,682557.2819,266.4337533,100173641.6,266.4336477,375979.695
1445356142,273.7629516,1356.069633,275.4271973,371241.6254,267.0622696,137579.7635,266.9973042,515.2852159
1445359742,272.0879057,2627.18723,273.2265562,714825.8713,266.6131718,6242959.686,266.6107391,23416.00983
1445363348,272.9574239,5217.23033,273.6864597,1424081.751,268.5827993,137801172.4,268.5815595,513070.118
1445366949,274.7627364,2800.931627,276.1721239,769591.6382,269.3329148,201851628.1,269.3326995,749450.8778
1445370552,274.6396446,2821.267208,275.9378463,774831.8235,268.1495461,101672845.2,268.1493246,379165.0244
1445374200,273.8347275,2073.728957,275.7644426,567859.0038,266.8236272,387002.0614,266.7807513,1450.637122
1445377805,271.7386649,2906.153749,272.9814634,789714.3398,265.7878336,1608036.024,265.7837084,6050.167763
1445381415,276.2703805,1388.681645,279.5868213,383651.6065,266.5831085,201434307.4,266.5829436,755615.8871
1445385030,278.6469808,968.434423,282.7752698,269851.3281,266.5589526,100277680.3,266.5585558,376193.8159
1445388637,279.3463228,894.0943884,283.6938879,249761.9796,268.1706338,150988.2752,267.9690844,563.4540847
1445392238,271.8227989,5279.811428,272.4051286,1435173.12,267.6786224,1437552.104,267.6610199,5370.793643
1445395844,271.8084919,3384.359786,272.6032815,919897.7295,268.034606,104595.2084,267.9522663,390.3501539
1445399446,271.6703797,1602.249033,272.1734888,435283.6032,267.733829,101747320.5,267.7333899,380032.2423
1445403059,271.2733297,752.2319638,271.6119606,204060.4695,269.2840294,33807.71112,268.7407744,125.8004528
1445406662,268.3390936,3586.539091,268.466702,962408.6489,267.0571995,116213.2315,266.9992156,435.2568274
1445410263,268.0771537,1269.667595,268.7599747,340368.8751,267.4461118,36377.19868,267.1594912,136.1628536
1445413869,266.866778,1690.10599,267.2646923,451033.1401,266.739742,283377.7719,266.6497481,1062.734069
1445417484,269.252183,707.5531816,270.3481575,190510.2387,267.8341275,92568.26517,267.6100013,345.9073455
1445421088,265.6334491,4923.273724,265.9672551,1307786.18,261.7772853,100265364.3,261.7771951,383017.9489
1445424689,267.1238819,1088.591146,268.0547352,290788.6928,262.5897327,100587392.2,262.5896961,383059.1743
1445428289,266.386706,2661.058455,266.5624392,708870.5964,262.9049011,1603612.73,262.8861047,6100.028498
1445431889,265.9440451,2184.169953,266.3662105,580866.9926,262.4057581,601989510.3,262.4051627,2294122.205
1445435489,268.46948,3993.203867,269.1491822,1072053.366,263.6299787,1039514.731,263.6188618,3943.248689
1445439092,270.1153096,2393.390576,270.8910911,646491.4364,264.0142316,103102451.4,264.0134687,390519.6653
1445442707,273.8554358,1527.379946,275.867106,418281.3006,265.2118441,1128448.924,265.201153,4255.067939
1445446309,272.8245107,1426.193018,274.458572,389100.4125,265.0759306,666114.4149,265.0519976,2513.146178
1445449909,274.4501419,1493.911811,277.3127176,410004.3085,264.7828479,200079359.6,264.7827949,755635.8021
1445453509,279.4839788,951.8774508,284.6014268,266034.4973,264.8417237,443948.0358,264.8119743,1676.465111
1445457112,279.6644621,786.8848589,284.9278247,220063.7308,264.2474805,201207638.2,264.2473682,761436.6779
1445460714,280.8685259,841.8982683,286.3177252,236462.7256,263.3339492,201768212.9,263.3336591,766207.4556
1445464318,288.0588139,516.4383507,296.3981525,148764.6187,262.9278784,100118389.2,262.9276371,380783.0563
1445467944,276.3958034,1200.396124,281.0320749,331784.4511,263.6630663,139315.3209,263.5363671,528.637935
1445471548,281.3838749,779.2689941,287.3848777,219273.7291,263.9857455,162903.7144,263.9179331,617.2514025
1445475153,275.4060951,734.7907883,279.147251,202365.8617,264.5997458,181724.6605,264.5435817,686.9365696
1445478801,270.227867,1300.977992,270.8973835,351560.5078,263.6858805,50105366.02,263.6857858,190019.215
1445482403,269.305432,3729.367141,269.8847029,1004338.829,264.640685,73496.28749,264.5131032,277.854997
1445486029,275.3697626,386.9729421,279.2303364,106560.6472,264.0086185,172595.4759,263.9802663,653.8196142
1445489641,270.2110688,1146.039822,271.1682847,309672.6453,264.1420409,399466.4727,264.0728467,1512.713169
1445493281,269.4613792,2116.872203,269.6669192,570415.3034,264.7861354,100380743.2,264.7860669,379101.3038
1445496882,270.028173,1198.732506,270.3956769,323691.5485,264.2517541,200174813.1,264.2516187,757515.939
1445500488,271.2058328,3927.697817,271.431057,1065214.558,268.4171433,662542.1593,268.3673778,2468.78799
1445504114,270.091281,1824.170284,270.3892382,492692.4888,265.8361358,200474440.2,265.8360762,754128.0442
1445507715,274.0582154,9853.022726,274.0817989,2700301.824,268.726429,201059333.7,268.7261216,748194.2302
1445511315,276.6304856,9748.730261,276.6866128,2696795.986,271.2046256,152412803.7,271.2037854,561986.2696
1445514916,276.2337332,8181.32047,276.3625135,2259956.696,269.844362,113938.6072,269.7905377,422.3224735
1445518516,274.8515804,4859.337603,275.107428,1335596.62,268.6820319,287515.7701,268.6377242,1070.27325
1445522117,275.552547,4832.689362,276.1609196,1331659.862,267.8321241,101866280.5,267.8283584,380341.6526
1445525727,275.6157234,2000.278555,276.9778321,551308.2209,267.7672519,100702969.7,267.7670005,376084.3178
1445529327,275.9479234,1846.432277,276.8222152,509519.1525,268.2499212,104521876.8,268.2498523,389643.7442
1445532927,276.9277793,1803.581438,279.1017879,499461.8026,268.5281716,1993520.684,268.4764317,7425.309817
1445536532,277.793582,1828.701052,279.533858,508001.4156,267.9313174,100598649.2,267.9311955,375464.4882
1445540138,280.3755886,1593.766023,283.6401741,446853.0869,268.0074517,1020488.641,267.9884254,3807.957899
1445543740,276.0193318,3968.907109,276.9429894,1095495.088,268.5806455,206237.3507,268.4869299,768.1467055
1445547389,279.6147769,1989.443742,281.680821,556277.868,275.7782038,4623961.579,275.6570387,16774.32799
1445550991,285.0123128,498.03185,289.7808835,141945.2094,274.2465419,1238786.297,274.2255518,4517.399233
1445554634,276.0109055,5886.358792,276.6280754,1624699.22,272.5962957,411764.6756,272.5215765,1510.943393
1445558249,281.4169232,988.1585824,284.8504366,278084.5479,269.4904576,109553.9047,269.2267329,406.9206039
1445561861,284.3955622,853.9484183,289.3920333,242859.1406,269.8367675,844897.2899,269.8008131,3131.559465
1445565461,282.6251698,668.7854325,286.5828859,189015.5964,269.3985363,100933979.9,269.3983539,374664.427
1445569081,276.1803093,1005.54153,276.966588,277710.7708,268.644095,100738170.7,268.6430003,374989.0025
1445572683,276.8318276,891.2197128,277.6592192,246717.9819,270.2870039,948814.9895,270.2667254,3510.661507
1445576310,277.9558117,5575.834354,278.0759222,1549835.564,276.379811,2057486.731,276.3491751,7445.242891
1445579912,278.1387934,3988.133163,278.2095522,1109254.546,272.0050356,100766991.8,272.0047873,370460.3616
1445583513,277.8072074,1811.040005,277.997004,503119.9663,271.556307,1392466.446,271.5382119,5128.068114
1445587120,279.0463243,3272.9458,279.0981472,913303.4952,276.3303098,388083.3406,276.2570708,1404.790615
1445590721,277.3730083,1811.358575,277.793694,502421.977,271.7369259,136662.0659,271.7015041,502.9860483
1445594328,277.6209943,771.8685539,278.9801031,214286.9154,271.8933275,200075228.5,271.8930429,735860.0514
1445597945,277.6987051,2840.437059,277.7657289,788785.693,276.8278428,56525.20656,276.5687514,204.3803079
1445601545,276.7311478,5358.590446,276.9097037,1482888.885,271.2065353,100897078.3,271.2064661,372030.5042
1445605148,276.4797139,3167.465311,276.7781179,875739.903,270.6335568,101006994.4,270.6333951,373224.4291
1445608755,279.3415784,2202.407653,280.1801858,615224.0299,271.9436565,665162.5482,271.9111851,2446.249308
1445612380,279.0119168,2937.357914,279.9930227,819557.8619,271.7186546,576073.0974,271.6932661,2120.306866
1445615980,279.0125518,1943.460011,280.2752635,542249.7369,272.281829,563680.3435,272.2459622,2070.481923
1445619588,281.3959121,1511.374149,283.8541078,425294.5072,272.6931006,445838.2323,272.6218391,1635.372403
1445623206,280.3890683,2251.457242,281.726933,631283.9985,271.5308934,1005526.036,271.5021469,3703.56569
1445626806,279.9248661,4292.227575,280.6084812,1201501.229,271.7284213,468115.2778,271.5848461,1723.642849
1445630415,288.3402064,986.1190171,292.8114078,284337.7609,273.6473735,107000.6907,273.4186897,391.3437329
1445634018,282.6825998,1538.169384,285.1117436,434813.7205,271.3354728,193186.058,271.2699209,712.1543641
1445637621,286.4674541,1149.087555,291.8079733,329176.1863,271.2213973,165018.3553,271.1007862,608.6974427
1445641221,282.8494154,1357.257595,286.0310577,383899.5173,270.9387433,100556645.2,270.9384782,371141.9872
1445644823,282.1512013,2602.884364,284.3779545,734406.95,276.1909344,143401.0961,275.9555883,519.6528073
1445648424,281.9431185,4875.610475,283.2072324,1374644.822,271.801233,200224489.5,271.8010039,736658.3884
1445652027,281.2366171,3946.956105,282.7531046,1110028.583,272.6482094,156351.6238,272.5441209,573.6745422
1445655628,280.7572334,2093.376688,281.3620157,587730.6472,271.5228084,659032.0395,271.5037092,2427.340833
1445659239,280.4783389,1193.7542,280.8018943,334822.195,271.7880529,100040893.1,271.7874845,368084.9885
1445662841,281.1759732,1641.09062,281.4195108,461435.2523,273.2840321,484708.4818,273.2357687,1773.956917
1445666441,281.7780643,612.9466894,286.0013415,172714.9316,277.3954124,28598.98267,277.0707691,103.219054
1445670053,281.0139784,879.3500253,285.5449635,247109.649,272.7732173,100052095.1,272.7731311,366796.0063
1445673657,278.6921208,716.6567846,279.049727,199726.5991,275.9073101,18373.91431,275.715076,66.64094897
1445677261,276.2348713,1073.017418,276.6554662,296404.8283,274.397534,150508263.6,274.3975002,548504.4998
1445680861,280.6142507,1161.885639,281.874164,326041.668,274.000935,409510.932,273.9884575,1494.628407
1445684469,279.2493773,820.5552157,280.2176477,229139.5331,273.6660853,100728031,273.6660289,368069.1806
1445688071,279.2960806,982.8770005,280.0593124,274513.694,272.7554234,475505.2601,272.7244848,1743.53711
1445691680,280.6497735,1599.820012,281.0086937,448989.1239,274.7301931,176250.7951,274.7116098,641.5848068
1445695288,282.5772045,1157.804574,283.7505607,327169.18,274.4835444,1140104.441,274.4694289,4153.848558
1445698894,281.9349004,3008.641986,282.69192,848241.1788,274.1522685,1086311.854,274.1341098,3962.702251
1445702494,282.2255874,2302.929736,283.1406208,649945.6974,273.652683,200790304.3,273.6513978,733744.852
1445706095,283.6986929,1442.202339,285.2997957,409150.9185,274.4313901,394465.3244,274.4028218,1437.541064
1445709704,282.8905514,1676.069769,285.0496678,474144.3012,274.2696417,100960916.5,274.2693801,368108.5961
1445713305,283.8394351,1473.711776,286.033831,418297.518,274.372545,202940142.2,274.3724233,739652.1113
1445716925,285.1507264,717.14536,287.9360606,204494.5204,274.7356913,520483.352,274.7140387,1894.63689
1445720525,281.3921757,1778.611007,282.7247754,500487.2209,274.5427638,125563654.3,274.5425944,457355.8234
1445724141,281.8357752,1761.20397,282.9281549,496370.2862,274.5082353,101109552.6,274.5078506,368330.2767
1445727744,283.0410259,6362.124236,283.2876255,1800742.171,275.6404865,102750578.7,275.640102,372770.7904
1445731350,285.317159,5751.011464,286.1072744,1640862.252,280.1766141,303239750.7,280.1433118,1082445.084
1445734955,285.4188391,3186.129628,286.161606,909381.4197,277.5335047,102300713.7,277.533233,368607.0765
1445738555,286.6967528,5576.109742,286.9919529,1598652.556,278.9557413,502117801.7,278.9542468,1800000.565
1445742157,288.5174914,12516.72734,288.6068312,3611294.773,279.5414432,400574540.5,279.5411077,1432971.858
1445745764,288.5045788,2277.598048,290.5020679,657097.4656,279.6119427,200452313.3,279.6117649,716895.1327
1445749364,291.0625948,4059.64499,291.546686,1181610.805,282.4018565,2806330.092,282.3648945,9938.664992
1445752965,291.1938825,2110.547842,291.2601377,614578.6205,283.0219844,300534680.8,283.0208862,1061881.633
1445756565,289.5350848,2042.673891,289.615314,591425.7582,283.045631,625952.1235,283.0301863,2211.609058
1445760165,289.266034,955.6622703,289.3565323,276440.6348,283.0588768,202531427.3,283.0586453,715510.4806
1445763778,288.2461988,953.3457312,288.8317009,274798.2832,282.2984875,100555539.1,282.2982962,356203.1385
1445767380,290.7566939,2453.634421,290.8904526,713410.6321,284.390123,200129261.9,284.3900757,703713.9443
1445770989,288.4824199,3371.852654,288.5252402,972720.2131,282.6093697,304713864.7,282.6091786,1078216.448
1445774596,289.2074505,1058.03875,289.7068324,305992.6893,284.0348796,202694134.6,284.0338321,713626.7293
1445778209,290.8453295,2650.820567,291.0361829,770978.7811,284.9178912,102598611.5,284.9158772,360101.4182
1445781810,292.9939281,5187.093046,293.1048585,1519786.767,287.7197018,4384000.06,287.7146623,15237.31889
1445785410,294.226985,2641.351328,294.6788864,777156.8377,287.3511328,202385548.4,287.3448226,704329.8938
1445789011,293.4714137,1832.770049,294.6467914,537865.6175,284.8760479,203894199,284.8759555,715729.7592
1445792619,293.8852215,3078.648785,294.6686987,904769.38,284.9831213,101253200.7,284.9829481,355295.6461
1445796223,294.7509373,3533.378665,295.7525261,1041466.673,284.6622645,301030137.6,284.6620934,1057499.908
1445799824,294.1059207,1762.52845,295.6731394,518370.0527,284.2222217,1577996.068,284.2101614,5552.215514
1445803426,289.709299,5952.515755,290.1805875,1724499.166,282.5600114,732243.0678,282.3906402,2593.014653
1445807037,285.7025339,8777.649477,285.9576061,2507796.697,278.4370649,300618092.5,278.4338834,1079674.962
1445810637,289.4060238,1303.098552,290.8086796,377124.5705,288.598168,100287281.8,288.5959586,347500.6452
1445814237,285.5595888,4906.042247,286.0032563,1400967.407,279.749008,301778314.6,279.7459814,1078758.355
1445817839,285.7325387,3175.14876,286.5333581,907243.3159,284.7804546,100726592.3,284.7785432,353701.4802
1445821444,287.1916138,1345.177864,288.1989698,386323.8015,277.487913,2105729.93,277.451317,7589.547432
1445825075,286.2237622,2413.997228,287.1375772,690943.3685,277.1833588,51571435.03,277.1830524,186055.5131
1445828681,285.7724571,1231.230921,286.4978918,351851.8854,279.5576092,102124549.7,279.5570084,365308.4941
1445832281,282.6848777,13500.02622,282.7228663,3816253.26,279.6521582,107865341.6,279.651515,385713.4176
1445835882,282.8036594,3481.059362,282.8388165,984456.326,276.3286062,100316864.6,276.328448,363034.8787
1445839482,282.8598956,1419.935975,283.1771369,401642.9416,279.6108729,100522098.1,279.6107943,359507.2157
1445843085,284.1656385,1877.019444,284.9462435,533384.4288,278.5409422,101462049.1,278.5406844,364262.9418
1445846685,285.0063218,1438.881993,285.4385038,410090.4642,280.4965921,4193310.688,280.4949813,14949.6817
1445850285,283.736853,1568.985996,283.8730559,445179.1489,279.5776305,517006.2591,279.5738564,1849.265399
1445853887,282.6783844,758.0095758,282.943304,214272.9222,279.0974914,101656604.8,279.0973929,364233.4446
1445857490,281.9068249,1618.697241,282.0472947,456321.7995,276.5472615,817425.151,276.540952,2955.891867
1445861097,285.3468253,1870.093426,285.709438,533625.2221,278.5168901,1280999.591,278.51271,4599.429559
1445864697,285.6334769,1849.905567,285.9491512,528394.959,278.1632669,101187974.5,278.163103,363772.0943
1445868302,287.9684091,2242.798477,288.5976349,645855.1093,279.9880048,101589249.5,279.987453,362835.0071
1445871902,287.3082188,2675.286564,287.6789148,768631.8175,279.6655566,1123220.683,279.656813,4016.425244
1445875502,287.821694,1489.913014,288.3513617,428829.2874,279.5113836,323145.309,279.4930852,1156.183555
1445879116,293.2424387,901.2848997,296.1668972,264294.9819,280.6178863,104662.9342,280.3446861,373.3366083
1445882718,287.0172271,3717.832195,287.9414872,1067081.888,279.9864619,101230922.8,279.9862022,361556.8269
1445886322,289.788008,2416.46256,292.2721239,700261.8718,278.2539115,200864131.7,278.2537204,721874.0202
1445889929,290.8300509,2123.460474,293.2657486,617566.1178,281.5660339,707916.814,281.5006679,2514.796215
1445893537,292.5971776,1705.208604,295.5511718,498939.2247,283.0753543,1852788.773,283.0155034,6546.598157
1445897137,294.330686,1313.201135,298.6149421,386515.3908,279.7878932,655480.0452,279.7565413,2343.037421
1445900739,289.3335711,1917.156389,291.7108701,554697.7046,281.2221169,101209826.4,281.2217409,359893.3215
1445904349,290.643212,5642.714574,291.7976208,1640016.688,282.6248371,400449991.6,282.6242051,1416899.134
1445907953,291.5724267,5310.495879,292.5148725,1548394.17,284.6428534,101878441.1,284.6426804,357916.954
1445911590,294.4216061,2439.301128,296.799635,718182.9558,284.7286861,100503474.7,284.7284706,352980.0674
1445915198,291.0244325,4164.548947,292.2838249,1211985.494,285.9813105,501375938.1,285.9796418,1753187.517
1445918805,289.9457713,1562.028991,291.3741422,452903.7007,282.8915092,102147304.5,282.8908383,361083.82
1445922414,290.8670519,2463.958521,291.6847964,716684.351,284.8677049,200811112.7,284.8631278,704938.9447
1445926014,291.0502262,1710.676989,291.5352165,497892.9246,285.1638266,200461843.1,285.16363,702971.2839
1445929632,288.9197542,2696.410743,289.1750746,779046.3289,284.8274016,100070917,284.8272244,351339.0168
1445933242,289.7509758,1721.531138,290.069557,498815.3269,285.2765467,150378461.8,285.2765133,527132.2904
1445936843,287.9475689,1144.121972,288.2573621,329447.1404,283.990436,100057624.3,283.9904078,352327.4786
1445940466,290.2514925,1013.973467,291.0548984,294307.312,284.8467613,563047.8635,284.8287379,1976.794433
1445944081,290.5161115,5226.396698,290.5536835,1518352.446,284.4663055,100068969.3,284.4662863,351777.9579
1445947683,293.0403611,9002.909091,293.1521797,2638215.731,287.3123488,650540.4036,287.2993505,2264.329532
1445951283,294.0413619,5042.673656,294.2344305,1482754.629,288.2773003,401889501.4,288.2755678,1394115.722
1445954883,296.4672433,10360.88613,296.6716571,3071663.351,289.7184868,201551238.1,289.717512,695681.9305
1445958485,296.6622494,3251.461058,297.9557522,964585.7514,288.7492464,602724860.1,288.7482332,2087371.595
1445962086,297.8751534,2992.997084,299.1184012,891539.4657,290.3066951,401221315.4,290.3040177,1382072.899
1445965686,297.1031992,3962.301441,298.3058096,1177212.434,289.2701842,905948.277,289.2447776,3132.116281
1445969290,297.3966472,3849.902487,299.028955,1144948.092,289.0405993,2222482.065,289.0146245,7689.860222
1445972892,299.2544366,3398.443317,300.7260405,1016999.24,288.6956611,302113142.2,288.6949577,1046478.763
1445976494,299.3954371,1841.263011,302.7419456,551265.7439,290.4125283,3085946.557,290.3782105,10627.33513
1445980094,297.769738,5177.881938,299.015185,1541816.548,291.2798182,4592190.951,291.2530329,15767.01504
1445983694,298.9182345,1916.837209,302.1537936,572977.5943,288.9207322,454672.7219,288.8789833,1573.921082
1445987331,300.1574728,1284.682746,303.3016482,385607.1264,289.3753184,100772021.1,289.3750139,348240.2289
1445990933,298.6809892,2244.906334,299.7229757,670510.8444,291.3303925,4933090.699,291.3264136,16933.2078
1445994534,300.4242004,5276.044931,301.5157835,1585051.58,293.834297,18586786.8,293.8332333,63256.24435
1445998141,300.7263667,8650.458787,301.1719625,2601421.041,294.7176032,4449595.075,294.7085273,15098.2909
1446001742,302.0246772,6194.226635,302.6398839,1870809.3,296.3433812,3302811.944,296.3034892,11146.71971
1446005350,302.4206292,2097.508671,303.2024097,634329.8919,295.3593623,201343955.8,295.3592977,681691.6121
1446008950,301.0540273,1303.123613,301.2597044,392310.6116,295.9515826,85635.16352,295.8761204,289.4291144
1446012561,299.3905227,2652.485788,299.5549158,794129.1065,294.1042595,100340606.4,294.1040946,341173.7824
1446016165,299.6013142,1522.122141,299.8281335,456029.794,294.8417469,102116813.1,294.8415922,346344.667
1446019782,299.0332513,2020.137343,299.2370535,604088.2377,293.9246631,1039017.147,293.9188995,3535.047078
1446023382,301.7908465,3660.730409,301.8235535,1104774.929,296.7002876,500761547.9,296.7002448,1687769.244
1446026985,300.9846502,5484.588913,301.0513247,1650777.076,295.9173018,200737892.1,295.9172418,678358.2157
1446030592,301.4992707,1527.937722,301.7219501,460672.1088,297.0340528,200431913.3,297.0338102,674778.1109
1446034192,303.1506234,3554.853046,303.4571548,1077655.917,298.4273407,1107726.08,298.4227895,3711.935277
1446037794,303.0332514,4365.51152,303.251563,1322895.15,297.5841126,1170688.841,297.5797733,3934.033648
1446041412,305.6182561,6546.449964,305.8946882,2000714.622,299.4905034,110635969.9,299.4785727,369428.6671
1446045015,304.3994547,8048.967383,305.1881573,2450101.282,298.7938124,602331421.1,298.7934441,2015878.972
1446048615,300.9104128,5933.4617,301.6278733,1785440.409,296.4961632,101499592.9,296.4958574,342330.5599
1446052216,301.8148964,3194.292567,303.2496109,964085.08,295.8437615,2103276338,295.8435242,7109421.589
1446055816,302.5794867,3056.978729,304.2973559,924979.0547,296.4436636,101416200.5,296.443114,342110.1579
1446059427,303.2086771,3517.274876,304.9142562,1066468.262,295.5743844,100154434.5,295.5737694,338847.5057
1446063028,306.2393572,1809.808878,309.0662693,554234.7074,296.488225,438814.9924,296.4267111,1480.349024
1446066628,306.3580871,2726.467176,309.0102181,835275.2685,298.3382003,342881.2919,298.1797368,1149.914798
1446070233,307.4440364,1676.201237,310.3327308,515338.0741,296.4254216,601386913.1,296.4249745,2028799.746
1446073833,306.5127687,2704.748366,308.2067933,829039.9101,297.0235645,700260109.7,297.0226336,2357598.481
1446077441,307.1131083,2319.678372,310.4916149,712403.635,296.957256,487048.0849,296.9000514,1640.444596
1446081053,311.3095035,1208.721203,316.1983232,376286.3974,297.6756988,321492.6392,297.6268749,1080.186859
1446084657,306.1858472,4775.329309,307.0107239,1462138.25,297.8955304,401055607.3,297.8949326,1346298.857
1446088260,305.0314499,2978.022424,305.9512044,908390.4979,299.6554567,2394111.339,299.6517471,7989.645854
1446091862,307.0161235,4192.833456,307.7068474,1287267.474,299.3435624,103131830.9,299.3434863,344526.7246
1446095469,306.676056,1260.415996,307.3682177,386539.4067,299.5777665,100638966.9,299.5777217,335936.0846
1446099085,304.8246721,1270.540881,305.3631867,387292.2075,297.9070051,1000526140,297.9064412,3358524.695
1446102693,306.1872287,1583.403299,306.3635108,484817.8679,299.2086453,100150530,299.2085313,334718.1631
1446106295,304.1882183,1423.321391,304.8157195,432957.5978,298.4090548,202271056.9,298.4089878,677831.6511
1446109897,307.8635701,7367.938613,307.9727262,2268319.885,299.6669237,112905473.5,299.6664112,376770.5331
1446113497,309.662682,3663.154377,309.9675157,1134342.209,301.6616379,100218257.5,301.6615395,332220.8646
1446117098,307.6963337,2625.070369,308.2354951,807724.5285,303.4461942,321160.0802,303.403222,1058.525609
1446120701,309.2344236,7089.039904,309.3883609,2192175.169,301.5620003,101945773.2,301.5617651,338059.3463
1446124301,313.3325322,9403.015913,313.5447411,2946270.786,304.4458106,300528613.4,304.4457076,987133.6855
1446127903,315.126311,3885.618974,315.6246349,1224460.773,307.7439542,3106933.869,307.7186679,10096.67008
1446131503,316.4351692,4589.402366,317.0986917,1452248.314,307.6746941,11172474.13,307.6730562,36312.81291
1446135103,313.1449075,27777.70076,313.4247558,8698445.533,304.5050088,603097196.5,304.4716776,1980799.006
1446138703,310.5013125,7103.89631,311.1332044,2205769.128,303.2749794,2251699854,303.2682329,7424779.813
1446142303,312.8935788,5021.35657,313.9303248,1571150.228,302.5740585,2763559311,302.5646265,9133781.905
1446145909,316.8876804,2377.603413,320.4859029,753433.2303,302.1537851,1351103657,302.152337,4471597.572
1446149509,315.0783743,3256.464771,316.6103253,1026041.626,302.4335575,1001009071,302.4305817,3309880.455
1446153114,316.7979069,2430.219272,318.7966673,769888.3789,304.6817511,750915567.8,304.6779957,2464620.282
1446156715,317.4014691,3127.003882,319.0975203,992515.626,305.4922278,750109886.2,305.4913963,2455420.661
1446160316,315.4562793,3410.335751,317.0304823,1075811.827,303.533451,700531573.3,303.5305195,2307944.435
1446163916,315.9757376,3976.231994,317.256674,1256392.837,302.1233429,900316820.1,302.1228622,2979969.187
1446167520,320.7897413,11958.14303,321.1253663,3836049.611,306.6269465,901281588.8,306.6037512,2939564.781
1446171120,323.4583805,5089.748449,323.574512,1646321.791,311.3507898,702253893,311.3483602,2255524.623
1446174723,327.3377431,6603.168303,327.5895084,2161466.209,311.7113865,1062253980,311.7076317,3407853.617
1446178323,328.7051543,13225.24212,328.9421081,4347205.251,314.4640065,414737723,314.4471066,1318942.723
1446181924,324.8603478,7643.679663,325.1963559,2483128.434,312.7243979,850460526.6,312.7189566,2719568.189
1446185526,328.7898965,4690.190549,329.0725488,1542087.265,315.421302,601003191,315.4119,1905455.029
1446189129,328.5150634,6497.246939,328.7089498,2134443.49,319.5982853,200629226.8,319.59771,627755.5204
1446192730,329.2644448,5460.808159,329.4466248,1798049.967,318.9067305,301760813,318.9006911,946253.2425
1446196335,325.3281391,8109.226847,325.4424044,2638159.68,317.6404261,500506794.2,317.6346886,1575730.901
1446199936,327.0536255,4191.915502,327.1788091,1370981.163,318.8605371,732040.1344,318.825293,2296.054141
1446203536,323.3075947,5239.86064,323.8446428,1694086.74,316.418174,401024355.5,316.4127285,1267409.049
1446207138,317.3209109,12859.76693,317.6067416,4080672.956,309.4900988,402341638.8,309.4632519,1300127.354
1446210740,320.6295292,5579.119814,320.9480187,1788830.559,309.7170755,400828031.4,309.7117553,1294197.022
1446214340,322.3594094,5088.404629,323.1615874,1640295.111,313.354526,302766985.9,313.3521348,966219.6368
1446217940,324.1661404,3373.840867,325.3773667,1093684.972,310.9559995,701046923.9,310.954776,2254498.011
1446221540,323.9808705,3271.780253,325.053969,1059994.214,312.0408554,850565117.1,312.0369899,2725847.078
1446225143,327.6956501,5562.092191,328.5028427,1822673.416,315.7882393,801110159,315.7848406,2536886.056
1446228744,328.6679245,4363.945312,330.4687479,1434288.848,318.6686955,500936739.2,318.6639132,1571990.798
1446232344,328.4513216,3144.2917,329.9499704,1032746.764,315.8833266,700685147.5,315.8760761,2218227.971
1446235944,323.6041804,5277.923472,324.1443617,1707958.1,311.9374712,551104650.2,311.9371507,1766716.946
1446239544,328.4488076,2020.953611,331.8816925,663779.8038,311.9586074,201507219.7,311.9581222,645943.1744
1446243146,328.8987064,2004.860782,332.6266273,659396.1179,311.0774813,801218014.7,311.0756237,2575637.413
1446246748,329.7271861,7104.034646,330.7998302,2342393.354,313.5827629,300908985.3,313.5782666,959597.7058
1446250348,333.9068574,5840.906011,335.1870391,1950318.57,315.5977917,401611943.9,315.5973428,1272545.391
1446253953,335.9444877,1855.545872,339.0223139,623360.4076,315.0807199,27453419.06,315.0752425,87132.89831
1446257558,333.8209944,1177.893837,336.020686,393205.6921,314.4486969,100705560.5,314.4482824,320261.1246
1446261163,327.2594458,5798.554149,327.6310993,1897631.617,313.4222988,302695432.6,313.4038201,965831.9816
1446264766,326.0128071,2647.379189,326.1980793,863079.5209,312.6130724,1223720.839,312.5868426,3914.818772
1446268370,324.6858672,1552.251695,325.0753171,503994.1877,312.9880459,101589307.4,312.9879026,324579.0224
1446271971,327.098485,1076.640228,327.4862782,352167.3876,314.2879333,202717197,314.2877804,645005.0228
1446275576,327.5030872,1141.596715,327.7149797,373876.4486,314.2075241,400721548.7,314.2072054,1275341.691
1446279179,328.8647693,560.2836187,330.8487497,184257.543,314.8579787,250118.6903,314.8220172,794.4764872
1446282779,325.9013718,1400.73546,327.4060164,456501.6078,316.3666367,463879.5474,316.3454764,1466.370098
1446286382,323.8187353,2489.284232,324.751827,806076.8719,315.0026473,200495615.3,315.0025117,636488.9417
1446289984,322.5196847,1457.027294,322.8812432,469919.9833,314.6906056,400259789,314.6901013,1271917.316
1446293589,324.9192734,1285.617007,325.4358965,417721.7439,314.9900328,100091515.8,314.9899405,317760.9916
1446297190,326.7954276,1330.116893,328.4699802,434676.1187,314.7640557,101976882.4,314.7638762,323978.9891
1446300791,324.7979526,3387.538934,325.5779344,1100265.71,315.2745728,401290792.1,315.273723,1272832.979
1446304402,320.0090496,8894.989351,320.2593774,2846477.088,312.3151721,300860473.2,312.3148733,963324.1927
1446308002,319.5894493,4423.358476,320.0551716,1413658.7,312.9303383,200710053,312.9300774,641389.459
1446311623,314.8692186,8538.478687,315.2720138,2688504.112,308.5043166,201083177.2,308.4838342,651843.4837
1446315223,311.1934552,17169.27875,311.3810099,5342967.179,302.0768067,102788862.5,302.0754559,340275.4527
1446318823,314.5367939,5212.366303,315.0836466,1639480.986,304.0447499,101438626.9,304.044321,333631.0527
1446322424,310.2417753,5498.838271,311.126928,1705969.347,301.6240815,400376640.3,301.6218924,1327412.401
1446326029,312.517662,3109.973778,313.576314,971921.7339,305.6430729,101675057.9,305.6427549,332659.8006
1446329632,316.5233073,3851.749191,318.1386702,1219168.393,304.1209104,101591322.4,304.1205843,334049.4779
1446333237,315.4441932,3345.348235,316.6635012,1055270.675,304.1132084,2866266.575,304.0902491,9425.710241
1446336838,317.7545695,2452.623725,318.5804666,779332.3958,304.2612498,200998215.7,304.2610454,660611.0729
1446340440,315.1678894,2842.474665,316.3644063,895856.7407,304.1529962,101727190.1,304.1527441,334460.8656
1446344043,312.678707,3472.557797,313.4021897,1085794.882,305.5304122,300722015.3,305.5145965,984313.0859
1446347645,314.6238096,1266.039244,316.2404788,398326.0899,306.1180345,181740.6848,306.0074417,593.9093631
1446351252,318.1908113,2029.361133,318.3765796,645724.0652,306.394734,102150725.4,306.3946365,333395.9321
1446354855,319.3513484,2652.543492,319.5208784,847093.3409,309.8722692,101376936.5,309.871811,327157.6598
1446358461,318.9883437,478.3959473,320.0798208,152602.7309,308.7001184,1334755.668,308.6823078,4324.043309
1446362062,317.6697656,788.0725285,318.5213399,250346.8154,307.2474866,207544283.6,307.2472099,675496.0728
1446365672,318.9989378,723.5055518,320.1435498,230797.5025,307.7013193,301445861.1,307.7007457,979672.1825
1446369275,318.4763645,2381.106417,318.6687169,758326.1151,308.6213972,100522062.8,308.6211575,325713.4528
1446372880,319.6919859,1672.312671,319.9705982,534624.9588,311.8721838,62110.25333,311.7222326,199.2487119
1446376489,313.8085539,1479.338211,314.5362413,464228.9848,305.4392488,150124501.5,305.438787,491504.3796
1446380089,317.8556061,1326.117227,318.520998,421513.7948,317.3033913,5665533.808,317.1836517,17861.99817
1446383696,316.8879153,2249.52753,317.5916837,712848.0895,306.1896233,409791.9077,306.1672399,1338.457726
1446387296,314.7089119,3563.643482,315.1306075,1121510.363,305.0986293,300703450.7,305.0982461,985595.4748
1446390898,315.8518497,1866.336654,316.1628187,589485.8844,312.4794275,103385216.2,312.4765432,330857.5266
1446394502,311.5143202,1315.834722,312.8426129,409901.359,306.7046035,2591799.43,306.626576,8452.624898
1446398104,307.414165,2729.946143,308.6328465,839224.114,301.7175816,1725017.01,301.6950688,5717.750101
1446401704,310.4628678,3292.474784,311.2225156,1022191.164,305.5301551,3181243.65,305.3962387,10416.77417
1446405311,319.7401539,3961.110106,320.6426092,1266525.955,305.842113,200596977.3,305.8416205,655885.1506
1446408914,321.7314358,4528.736621,322.7202256,1457036.936,307.6412809,100560500.7,307.6407921,326876.3549
1446412514,320.1792916,7743.986859,320.9774193,2479464.227,305.0611868,207948157.1,305.0262856,681738.4827
1446416114,327.8318352,6625.333976,328.3089499,2171995.396,309.6103835,3853691.118,309.5894174,12447.74821
1446419714,323.7093066,2451.537044,324.6085609,793585.3564,313.8075076,301170087.9,313.5385163,960552.1243
1446423314,328.1079163,6423.190878,328.3808181,2107499.775,308.2842693,980022.0177,308.2127123,3179.693694
1446426914,326.4663087,2457.799677,326.957844,802388.788,307.1000574,302839430.4,307.0994454,986128.2232
1446430528,328.3483309,2817.99645,328.6980281,925284.4311,308.350526,1308971.227,308.3307558,4245.347578
1446434128,325.3026651,1196.609004,325.9879733,389260.0981,325.606447,102279441.9,325.5901692,314135.5348
1446437740,329.0635909,1958.770154,329.5939299,644559.9407,328.4821684,8719729.915,328.3759684,26554.10491
1446441350,322.8521198,2113.550728,323.3546262,682364.3331,309.3043791,100220737,309.3038487,324020.3361
1446444950,324.8396806,1336.773289,325.2456639,434237.0082,314.9873044,810427.5552,314.8753465,2573.80441
1446448550,325.2848336,2405.952899,325.6121384,782619.9884,312.9990987,879551.3037,312.9429548,2810.5803
1446452153,330.6157423,3651.921172,330.8046615,1207382.629,312.788655,3409698.929,312.7743862,10901.4647
1446455754,324.4069564,2427.276833,324.7267076,787425.4899,313.8158287,217522376.2,313.8157486,693153.155
1446459356,326.9262469,2166.294986,327.2456601,708218.6894,314.1426055,3373989.609,314.1345187,10740.58853
1446462967,334.6624834,9596.514983,334.9051135,3211593.536,315.0627129,601503571.1,315.0516758,1909221.938
1446466567,335.5301546,6415.972391,335.9581048,2152752.208,327.0635327,1671279.547,326.7465486,5114.911098
1446470170,336.0031604,5809.03921,336.3575438,1951855.533,322.0115907,2395877.442,321.7479728,7446.441453
1446473772,335.4317287,7118.107081,335.8832055,2387638.964,317.8073167,702490421.8,317.8057305,2210439.757
1446477372,335.8475665,3942.955105,336.478658,1324231.877,318.1120125,101393652.3,318.1117016,318736.0033
1446480973,335.6236287,3358.596385,336.5801609,1127224.306,320.3962403,555848.3022,320.2940577,1735.431204
1446484574,338.0698851,4297.34076,339.0689674,1452801.497,319.8373384,101760585.2,319.8364988,318164.3922
1446488176,344.5925934,8339.269148,345.2609255,2873650.383,338.5544468,8068618.081,338.3092327,23849.83117
1446491776,349.4297657,22268.65892,350.0510597,7781332.27,324.9796395,102200906.3,324.9768449,314486.7331
1446495377,349.9598404,12569.76682,350.7263151,4398913.59,324.9505172,206794985.4,324.9199747,636448.9766
1446498978,359.8603792,22981.58819,360.3765541,8270163.04,329.2605294,204120144.7,329.22922,619994.0111
1446502578,363.6132911,16072.05576,364.0999959,5844013.091,332.2746262,51368410.22,332.2522724,154606.6483
1446506178,362.5162666,9773.850104,363.055277,3543179.65,335.8408765,401080781.3,335.8349479,1194279.463
1446509783,362.3750781,6831.039295,362.8996478,2475398.398,331.9600449,100458888.9,331.9592906,302624.1222
1446513383,365.129948,6698.771454,365.9820001,2445922.073,335.0297529,500107663.5,335.0037677,1492841.907
1446516983,366.3605698,5178.151926,367.6219693,1897070.69,338.3364698,200450603,338.3361071,592459.9791
1446520584,372.6238648,11491.67338,373.1541876,4282071.747,343.1709821,203100225.7,343.1609188,591851.2701
1446524184,372.375986,9312.600969,372.9682527,3467788.968,343.6141881,301446806.8,343.6122637,877287.6834
1446527785,372.1676862,15876.71792,372.5557117,5908801.373,343.5680859,201576687,343.525731,586787.739
1446531391,367.8510164,5661.638322,368.1701639,2082639.411,349.9741056,1591636.421,349.5448111,4553.454579
1446534991,365.8301378,3038.133769,366.3783729,1111440.895,359.1056756,659870.6626,358.6319377,1839.966253
1446538595,366.7397723,4538.946877,367.2001166,1664612.344,341.6987907,202766810.4,341.698416,593408.6929
1446542196,374.4157215,10526.94619,374.9254461,3941454.154,346.0336952,101686730.6,346.0320086,293865.0995
1446545796,372.2175226,12846.88053,372.655894,4781834.043,346.0185932,101541274.2,346.0164631,293457.9276
1446549399,372.7126142,7563.558988,373.1966123,2819033.843,346.7861769,200576835.7,346.7853026,578389.0903
1446552999,386.1159904,18905.66399,386.5530238,7299779.175,354.8378083,201497341,354.7636232,567976.3306
1446556600,387.6973634,16133.12412,388.0758822,6254769.685,365.0903554,902114570.5,365.0426512,2471257.995
1446560200,389.3869004,11609.60806,389.8492593,4520629.296,374.2174973,500860841.5,374.2162607,1338426.183
1446563800,390.6556568,11717.05426,391.0837264,4577333.526,372.4604662,301261835.9,372.4596828,808844.1509
1446567400,399.7436514,23090.80618,400.0535139,9230403.177,377.3739512,103316235.5,377.3535876,273791.5815
1446571000,407.3200867,21824.65311,407.7419287,8889619.595,382.9035665,552864880.4,382.8795134,1443965.689
1446574600,415.0949336,19871.29252,415.4618295,8248472.848,391.1791066,304961723.7,391.1720341,779610.2407
1446578200,389.0800881,50082.08457,389.6146236,19485941.88,377.1673669,653313862.9,376.5260105,1735109.513
1446581800,392.8515029,13503.83562,393.5143633,5305002.117,364.8437954,710246438.2,364.8032949,1946929.888
1446585400,396.849881,10059.57368,397.9715066,3992140.616,368.1699908,302414217.2,368.1627297,821414.5344
1446589000,397.1577156,8545.191975,398.0007049,3393788.924,373.820546,600760543,373.7965082,1607186.076
1446592600,402.04147,8494.326853,402.8704882,3415071.655,370.1091857,101553675.4,370.1075634,274389.6246
1446596200,409.4901681,8827.673978,410.1199543,3614845.702,382.0111926,203952795,382.0090499,533895.1918
1446599801,418.9575671,13682.64248,419.417252,5732446.605,384.2665615,203938203.1,384.2095284,530799.4416
1446603401,428.9679705,13198.11442,429.3468593,5661568.359,398.9379728,403396714,398.2264488,1012983.229
1446607001,439.0094383,15588.50837,439.4705271,6843502.303,394.1404784,401904747.3,394.1339106,1019716.235
1446610601,434.1754775,21809.30502,434.7410322,9469065.421,388.5397113,202217635.5,388.3894355,520656.8899
1446614201,436.8449627,10365.03869,437.5158763,4527914.94,397.1375654,100852574.9,397.1338988,253951.0609
1446617801,426.4244594,19263.34362,426.7594509,8214360.891,391.1754446,702007981.6,391.1504475,1794726.265
1446621402,435.5679661,10111.0623,436.0086869,4404054.84,396.1212446,488630.2243,395.812503,1234.499215
1446625002,428.6269755,5459.022565,429.4718438,2339884.331,389.4523872,100455823.2,389.4512806,257941.9512
1446628619,427.0850843,5304.177063,428.2949755,2265334.908,394.0835821,200356664.9,394.0755604,508421.9501
1446632226,448.7742449,24324.18762,449.6605719,10916068.93,413.5801892,300854819.9,413.5128702,727558.5394
1446635828,462.5141957,16807.11517,463.1744489,7773529.356,427.7799366,171030092.8,427.7196906,399864.9035
1446639428,479.5652722,17842.23658,480.2137082,8556517.042,445.713148,318064215.2,445.699459,713629.3499
1446643028,481.792161,42004.67142,482.4320176,20237521.42,449.0300675,427163875.3,449.0110443,951343.8048
1446646628,482.4018749,24133.21415,482.8296873,11641907.75,449.7926937,703790110.1,449.7258433,1564931.437
1446650228,478.9707538,13633.34116,479.6537907,6529971.69,447.0265259,201343840.8,447.0211732,450412.3136
1446653828,480.6932597,15347.57274,481.1232472,7377474.77,453.7997912,115262739.5,453.7976079,253995.9169
1446657428,455.6633032,31791.193,456.2854895,14486080.01,440.8920196,634614634.1,440.752761,1439842.674
1446661028,462.9622813,19586.82182,463.2781578,9067959.711,451.7184441,102381250,451.716496,226649.3496
1446664631,468.2653238,12210.00266,468.7005185,5717520.847,446.5388857,402110285.4,446.5344423,900513.4819
1446668231,460.4812419,9994.35278,461.2886428,4602211.98,433.8589482,301220654.7,433.7782458,694411.6207
1446671831,426.7909416,49998.85591,427.3187563,21339058.79,417.6133622,727723480,417.490809,1743088.625
1446675431,391.9549476,52045.59035,392.6814383,20399526.64,406.3096164,507188539.4,406.1245512,1248849.738
1446679031,401.9510374,28766.27693,402.3541855,11562634.85,406.1151057,387529169.4,406.1027076,954263.9389
1446682640,400.4238346,11430.86667,400.7297066,4577191.464,394.507369,200899408.5,394.4307969,509340.067
1446686242,424.3241419,18731.69105,424.5909604,7948308.733,413.3680654,801090975.2,413.2464423,1938530.845
1446689842,437.8409013,18675.34448,438.0765293,8176829.659,425.4359908,301968189.3,425.3986022,709847.6294
1446693442,433.3368261,13802.76966,433.6556453,5981248.394,426.1034989,201188065.2,425.9593828,472317.487
1446697046,419.4322906,13331.15943,419.7078078,5591518.737,410.0630592,554483528.1,409.9228461,1352653.392
1446700650,389.035089,24933.24418,389.380974,9699906.871,393.846622,703981551.2,393.5935948,1788600.121
1446704250,390.5657499,15209.21362,390.7346609,5940197.924,386.4133616,500578794.4,386.4120296,1295453.444
1446707860,395.0789569,8134.783191,395.2344707,3213881.658,391.3796473,1400642464,391.3743439,3578779.463
1446711460,378.1099416,14430.82111,378.2776938,5456436.928,372.4157295,700771616.5,372.3947335,1881797.871
1446715060,376.8795617,7128.293867,376.9820234,2686508.269,369.6394549,1000697905,369.6250031,2707332.828
1446718665,391.15634,9734.018363,391.272268,3807522.996,388.8690113,505979474.2,388.8326165,1301278.372
1446722265,387.8703247,8067.265579,388.0751482,3129052.92,384.0003044,702690504.3,383.9889703,1829975.751
1446725867,395.0243127,9041.24585,395.298293,3571511.928,391.9616312,868631179.6,391.95682,2216139.981
1446729467,399.6308729,8366.004771,399.8093925,3343313.789,394.2589272,477520667.9,394.2448609,1211228.643
1446733067,397.9755678,8217.75851,398.4026346,3270467.109,388.2835332,301499932.8,388.2805309,776500.259
1446736669,392.965715,8525.143593,393.4379534,3350089.147,387.2489761,401012830.2,387.2335861,1035583.804
1446740273,397.3814847,8793.448229,397.7990245,3494353.513,388.7028392,301768157.7,388.6888919,776374.5351
1446743874,398.7696467,5582.129929,399.3343514,2225983.98,389.9247911,500539111,389.9230589,1283686.87
1446747474,406.9665675,13494.56749,407.3306062,5491837.812,403.572121,201123018.4,403.5701722,498359.4731
1446751078,410.4218311,13564.24909,410.7415005,5567063.951,402.9839017,700616568.6,402.9628432,1738662.957
1446754679,407.9008803,6255.340249,409.4845019,2551558.794,399.0330856,500675146.6,399.0314875,1254725.911
1446758283,401.6473674,10049.30483,402.8835008,4036276.831,398.6472793,1364735.781,398.5315237,3424.411117
1446761883,389.4059616,10006.59118,389.8382692,3896626.261,385.364212,920425.7598,385.3164436,2388.752868
1446765483,383.8819254,10542.90459,384.3447411,4047230.511,381.5764347,204434218.7,381.5750746,535764.0798
1446769083,373.7218129,14620.92005,374.0034973,5464156.747,375.5820661,200981593.5,375.5589453,535153.2591
1446772686,363.8347491,22741.16452,364.1806688,8274025.886,362.8378108,651938416.8,362.7625329,1797149.258
1446776289,369.5737365,14278.89276,369.7479585,5277103.751,363.8178102,152127067.9,363.8136277,418145.6007
1446779889,360.6851736,12080.42132,360.9952964,4357228.86,360.6304196,400418157,360.6105242,1110389.548
1446783490,355.4520442,9111.919803,355.6739923,3238850.52,347.9438232,703760508.2,347.9374697,2022663.753
1446787091,358.1903708,5502.729134,358.6053683,1971024.589,344.4886006,600983837.8,344.4184003,1744923.725
1446790691,364.062555,4716.304269,364.3108231,1717029.782,355.0516835,201888904.5,355.0401675,568636.7994
1446794292,373.3818026,8260.933174,373.5988712,3084482.119,364.0073654,200969557.2,363.9892921,552130.4105
1446797892,366.7720777,7352.987421,366.9123366,2696870.474,362.7215351,252383201.5,362.7051183,695835.7872
1446801492,367.7342958,3242.678045,367.8886065,1192443.928,360.4650976,501599755,360.4437931,1391617.125
1446805093,366.4154157,2393.853723,366.9086147,877144.907,356.7503237,501097662.3,356.7502241,1404617.652
1446808703,372.4456651,5750.948137,372.712181,2141915.704,361.5215588,1278124.769,361.5020138,3535.595157
1446812303,374.818038,5577.920305,375.0816275,2090705.145,366.1488187,401442474.9,366.1422461,1096411.242
1446815903,373.9993433,4304.551619,374.3520972,1609899.479,365.4805063,200839232.9,365.4794714,549522.6096
1446819531,377.5427489,2308.414352,378.3495574,871525.1002,366.2131478,450857861.1,366.212193,1231138.312
1446823136,385.6313429,14154.58101,385.8805321,5458450.082,377.2521132,401301510.6,377.115108,1064135.332
1446826738,391.9342161,9066.613333,392.3871004,3553515.99,380.7804855,903367396,380.7692093,2372480.164
1446830338,392.6880363,7449.974614,393.0189938,2925515.902,385.7054428,400285231.8,385.6876541,1037848.185
1446833938,379.0353547,15949.84829,379.3103792,6045556.405,377.5912109,334713306.1,377.4323006,886816.8028
1446837538,369.148718,9869.900986,369.5887387,3643461.296,360.1199851,203679078.9,359.99123,565789.0026
1446841146,370.3993935,7993.246585,370.896084,2960693.688,358.7315355,202793508.9,358.7298955,565309.7538
1446844746,375.1181145,8352.150903,375.6520344,3133043.099,365.1161034,500654071.5,365.0418196,1371497.852
1446848346,375.5183214,5734.668766,376.053642,2153473.189,363.1076352,200230146,363.1073447,551435.1304
1446851949,375.4775714,2706.654974,376.7699144,1016288.236,368.4961462,200276621.6,368.4103069,543623.8288
1446855550,381.2230857,4779.291445,382.2580795,1821976.232,366.1058805,200823982.1,366.0765103,548584.726
1446859150,379.3878283,5315.118664,380.4398879,2016491.327,366.4921409,400789678.5,366.4823863,1093612.39
1446862750,378.9200324,3690.161411,379.7262107,1398276.081,368.4631426,202881905.9,368.4546832,550629.1957
1446866350,378.8802295,3126.694351,379.0943295,1184642.673,368.648157,712687.6511,368.6117767,1933.437009
1446869952,381.3370647,7897.844231,381.5510721,3011740.736,374.9864133,203831.3801,374.7743449,543.8776236
1446873554,383.5721371,2980.868461,383.9349064,1143378.086,375.3548353,93729.32142,374.8950639,250.0148187
1446877154,383.3456476,3326.538778,383.5054013,1275214.162,372.6936623,201493037.7,372.6935188,540640.0367
1446880754,380.4667636,3937.611128,380.5633044,1498130.163,369.9266253,100603521.6,369.9259387,271955.8461
1446884358,381.3931473,1596.967404,381.8639979,609072.4244,372.5109629,200296513.6,372.5050248,537701.508
1446887961,386.0409812,4230.958736,386.4269566,1633323.462,377.9627985,400244810.2,377.8535205,1059259.18
1446891562,389.2501269,3208.530473,389.3825866,1248920.894,392.6795484,100308146.2,392.6780662,255446.2672
1446895163,387.186154,2172.322084,387.512634,841093.033,378.3282927,100104813.4,378.328196,264597.8134
1446898765,387.2338695,2564.392545,387.6473093,993019.6482,378.0038207,100140916.2,378.0035365,264920.5803
1446902365,383.2771213,2418.381223,383.846162,926910.1935,373.2211344,100281244.4,373.2209854,268691.3339
1446905968,385.410657,4544.446999,385.6783235,1751478.304,372.7862884,544524.2629,372.7220773,1460.939118
1446909573,383.5784991,4257.540232,384.6203759,1633100.892,382.2897786,100102524.5,382.2892079,261850.2496
1446913175,381.9477893,3119.25691,382.3279236,1191393.281,367.4386975,682452.2085,367.3786446,1857.626235
1446916776,385.9603802,4062.179267,386.7962721,1567840.254,371.4293229,1507518.434,371.3886287,4059.139988
1446920377,387.5170744,4554.74148,388.0883312,1765040.093,388.8604269,100933411.5,388.8543239,259566.1287
1446923977,386.538937,2437.501625,387.5941371,942189.2872,373.2871115,101509830.6,373.2852972,271936.3215
1446927582,386.0756563,1957.886874,387.377993,755892.4598,372.5474739,202237918,372.5470354,542852.0396
1446931182,389.6394907,923.4318297,392.9635076,359805.5078,372.6317435,105757680.6,372.6312357,283813.2461
1446934788,386.355513,1208.40816,387.5026894,466875.1545,375.0819233,690904.8011,375.0493617,1842.170316
1446938395,381.8501997,246.7743895,381.998432,94230.84992,373.2723146,100330366.7,373.2722328,268786.0437
