1272213424,0.003,2821,0.003,8.463,0.003,0.01904383046,0.003,6.347943488
1272895220,0.003498640784,13368,0.0035582507,46.76983,0.003687278616,0.03869510072,0.003598768163,10.75231828
1273524505,0.004185937146,38359,0.00419805862,160.568363,0.00409524242,0.01351304453,0.004088505541,3.305130542
1274209760,0.004550350637,46772,0.004555662433,212.829,0.004529538034,0.02937117117,0.004527799525,6.486853274
1274882415,0.00450298883,36884,0.004503320791,166.08824,0.004564004549,0.001601173614,0.004563585653,0.3508586747
1275660019,0.004686959276,22100,0.004709719039,103.5818,0.00428043311,0.005690572391,0.004258545429,1.336271383
1276530353,0.004978813559,5900,0.004978829787,29.375,0.004996186441,0.001311111111,0.004996170213,0.2624232272
1277233060,0.005155818627,102000,0.005192552432,525.8935,0.005165260032,0.01105753119,0.005146557812,2.148529483
1277930920,0.006430362776,63400,0.006500586789,407.685,0.00564344064,0.06391923077,0.005627316351,11.35874132
1278597620,0.01328178744,56925,0.01489616449,756.06575,0.01747321475,0.09349603717,0.01176486602,7.947054985
1279202423,0.05343784783,50549.01,0.06144428294,2701.230304,0.07521454505,10.67795705,0.074226974,143.8554811
1279807352,0.05619942606,42175.68,0.05672617852,2370.24901,0.0599188437,113.544632,0.05976805613,1899.754473
1280414030,0.06152580015,53436.81,0.06175337099,3287.742492,0.06180608506,58.83645927,0.0617371569,953.0153674
1281024069,0.06273588264,79224.88,0.06432421914,4970.242774,0.06767788125,41.16352188,0.06726857085,611.9279978
1281646021,0.06110203383,63873.134,0.06322263182,3902.778395,0.06549790303,2578.072321,0.06548717385,39367.59168
1282260783,0.06262459758,69500.716,0.06317216908,4352.454371,0.06332747194,1121.855119,0.06332344968,17716.26664
1282869390,0.06041413413,116343.877,0.0609731746,7028.81459,0.06388141075,2334.655342,0.06382912702,36576.64535
1283484661,0.06144316351,38063.132,0.06178462195,2338.719243,0.06209952009,2260.637405,0.06209473816,36406.26358
1284092355,0.05853300451,69641.014,0.0590489266,4076.297786,0.07227302385,1681.426936,0.06835868996,24597.12053
1284704472,0.06001878293,107766.395,0.06029602673,6468.007869,0.06219182525,1130.321323,0.06218886433,18175.62252
1285319559,0.06011439309,104221.065,0.06037961734,6265.186069,0.06190917425,326.9401749,0.06190874616,5281.001397
1285929585,0.06317184989,273680.195,0.06353280651,17288.8842,0.06842655497,1070.833452,0.0679910505,15749.62358
1286534671,0.08661886118,532793.521,0.08790795284,46149.96803,0.08439951466,2371.884524,0.08371863342,28331.62018
1287146019,0.09896580908,230129.911,0.09959919242,22774.99283,0.1037067905,1645.151819,0.103608299,15878.57184
1287757760,0.1529400553,248554.636,0.1604073775,38013.95978,0.1749486951,711.0122517,0.1720209705,4133.288224
1288378949,0.1980424507,244779.641,0.1995080754,48476.75997,0.1928982828,395.2305371,0.192421497,2053.983278
1288984188,0.3002888214,351821.766,0.3119058709,105648.1435,0.3041663508,4737.247932,0.288555765,16417.09682
1289591718,0.2692611647,192520.972,0.2704114068,51838.42115,0.288068825,2734.144305,0.2869028676,9529.860498
1290196996,0.2807472564,89540.15,0.2808551149,25138.15145,0.2831113309,41409.90704,0.2831088046,146268.5242
1290815831,0.244120294,114699.641,0.2466729144,28000.51008,0.2608499948,98.17576129,0.2598758492,377.7794728
1291423270,0.2191872689,93364.052,0.2209211041,20464.21157,0.2201982897,169.2434374,0.2171537704,779.3713967
1292030648,0.2340288484,44621.455,0.2348110985,10442.70773,0.2220198342,35.55319581,0.2217743565,160.3124742
1292653269,0.2521106387,42862.215,0.2524126743,10806.0204,0.2560330241,172.9891124,0.2559709977,675.8152834
1293261230,0.2735924065,62213.5236,0.2746705849,17021.14764,0.2755967466,22.26880107,0.2734196467,81.4455045
1293867426,0.3057098041,63725.9764,0.3060029075,19481.65576,0.3124718516,366.4438092,0.3123216517,1173.289803
1294486792,0.3545306395,99028.50903,0.3578973787,35108.64063,0.347007961,20.01197214,0.3445457804,58.08218609
1295096592,0.3535492417,87995.131,0.3579308665,31110.61184,0.3648390657,49.06146601,0.3625650492,135.317693
1295704853,0.4230847788,70711.7556,0.4238812032,29917.06747,0.4172479642,161.1454448,0.4168651278,386.5649442
1296327561,0.6655435829,183043.0145,0.6981759225,121823.1037,0.7023071716,1224.745783,0.6913115857,1771.626295
1296933279,0.9520449768,125984.348,0.9575944929,119942.7657,0.8751649333,2508.18538,0.8740063224,2869.756563
1297539065,0.9676036104,79700.943,0.9783901911,77118.9202,1.045305301,2238.353105,1.044939272,2142.089176
1298144451,0.9042733618,57944.3717,0.9075231606,52397.5518,0.9162686386,310.6569963,0.902299296,344.2948451
1298750878,0.932864511,68741.156,0.9338192314,64126.18487,0.922673575,419.279742,0.9224082826,454.5489779
1299356938,0.8767343023,67337.002,0.8780258005,59036.65947,0.7826083848,883.2156242,0.7320178043,1206.549375
1299964678,0.8225766578,52223.58945,0.8273337812,42957.90567,0.8748604998,1062.744263,0.8716247359,1219.268132
1300570333,0.8293466396,68995.925,0.8323331519,57221.53855,0.759484045,429.1680776,0.7577796516,566.349435
1301176060,0.811701925,42922.381,0.8330713053,34840.17928,0.9045533285,167.5265153,0.8478346141,197.5933897
1301781413,0.7239955128,96484.485,0.7272936839,69854.33419,0.7181022696,1144.097112,0.7135956885,1603.284788
1302386539,0.9311144759,223953.278,0.9398969161,208526.1391,0.9446574918,1588.524295,0.9371577885,1695.04465
1302991374,1.249998314,224867.6751,1.268931595,281084.2148,1.201508785,2947.723215,1.187627175,2482.027422
1303596196,2.27532134,335175.534,2.445285779,762632.0452,2.375174299,5645.527338,2.176358718,2594.024272
1304201805,3.335016765,156681.7087,3.35082263,522536.1252,3.334683629,4635.907763,3.320222025,1396.264385
1304807131,6.032445435,292473.725,6.425503141,1764331.787,6.451837573,11646.83985,6.092886882,1911.547034
1305411933,6.949402262,225172.778,7.025914643,1564816.213,6.970765193,18515.42553,6.921135225,2675.20066
1306016784,7.680770778,213220.504,7.764667653,1637697.817,3.901256361,113785.1083,3.623027523,31406.08443
1306621590,11.39273944,277398.5474,12.1439121,3160329.372,12.87043593,166661.0233,12.23589014,13620.67012
1307226390,22.73780429,516169.6982,23.83997833,11736565.58,23.29934205,511703.2105,22.14685966,23105.00082
1307831216,17.2963354,501504.0562,17.8306779,8674182.36,17.61208056,534898.1927,17.09213036,31294.99842
1308436106,16.27697101,67954.41488,16.51709838,1106092.041,16.60587059,90048.51011,12.86766881,6998.043811
1309041123,16.37298747,216799.5001,16.40645306,3549655.499,16.51259951,18822591.4,16.48744351,1141631.896
1309645986,14.30472431,404627.6962,14.38865368,5788087.643,14.486645,361387041.3,14.45262201,25004946.59
1310250819,14.30740095,212944.8972,14.32796049,3046688.025,14.94095413,228839044.6,14.93283875,15324550.7
1310855648,13.52744661,292545.6142,13.5438079,3957395.176,13.5007317,43373943.19,13.48907816,3215486.09
1311460473,13.85683197,153546.8908,13.86366545,2127673.464,13.84250035,33422771.7,13.83968927,2414994.371
1312065421,10.9593266,396872.4102,11.24094476,4349454.361,12.75732191,527819387.8,12.52154699,42152889.61
1312670232,8.823957573,445986.3303,9.017766389,3935364.457,9.291760145,1.275999164e+10,9.270864434,1376354032
1313275058,11.01526368,196880.8707,11.0365825,2168694.704,10.71090924,4778004151,10.67449533,447609371.8
1313879939,9.738151221,251186.1881,9.867372727,2446089.085,9.677270139,3438167976,9.616689603,357520947.2
1314484773,8.633782648,134738.469,8.647743707,1163302.656,8.810090109,2533251115,8.802266738,287795313.5
1315089624,6.091768172,522569.1864,6.275446779,3183370.337,5.86122301,3688689532,5.681115054,649289707.6
1315694468,5.574888808,473305.6118,5.652608291,2638626.158,5.415253219,9473379491,5.363837516,1766157059
1316299273,5.618031536,453667.6555,5.651033152,2548719.195,5.735891822,3569215430,5.734322609,622430175.8
1316904988,4.930189257,255232.615,4.942431057,1258345.096,4.746848002,126493533.5,4.746238984,26651319.91
1317509817,4.507983246,325486.9985,4.539612903,1467289.936,4.9317684,19726801.03,4.929208924,4002021.691
1318114681,4.03022659,309023.1656,4.034956592,1245433.379,4.013198609,611667030.7,4.012969573,152422543.8
1318719878,2.725204323,747358.1978,2.789218652,2036703.792,2.564016928,3626554120,2.560574895,1416304646
1319324694,2.98445675,513034.6928,3.017588482,1531129.852,2.737072406,3185637798,2.733338387,1165475088
1319929502,3.180879096,321030.4714,3.188021504,1021159.116,3.155859702,1713994558,3.155142405,543238414.6
1320534302,2.993420556,313474.2572,2.997133511,938360.2854,2.978137597,2584904857,2.977561625,868128080.2
1321139106,2.371307664,891668.7568,2.391350861,2114420.956,2.27928447,1375818239,2.273256579,605219073.1
1321743924,2.340114451,454980.067,2.345653606,1064705.43,2.20116332,1.435072731e+10,2.192706492,6544755246
1322348743,2.858864287,706183.9596,2.871735846,2018884.102,2.927728418,4707403520,2.923085056,1610423039
1322953543,2.921034534,467635.751,2.925986586,1365980.178,2.950144338,2985431855,2.949006761,1012351648
1323558396,3.170004779,388181.9642,3.172243486,1230538.681,3.104121808,2671954802,3.103154861,861044621.3
1324163521,3.745263337,533134.0237,3.769489488,1996727.313,3.696091427,2823840457,3.679900171,767368767.1
1324768382,4.232475301,520299.403,4.249297288,2202154.372,4.076163457,3849900655,4.072418768,945359717.2
1325373278,5.845127182,956951.046,5.951416692,5593500.571,6.291705062,5850535615,6.243699067,937030364.9
1325978088,6.628981769,809449.849,6.640747745,5365828.292,6.59409232,1519338154,6.591683676,230493183.4
1326583003,6.273807351,930747.2965,6.315335371,5839329.231,6.611998378,1.069350398e+10,6.603678546,1619325335
1327187814,5.726695674,612738.2862,8.317135564,3508965.692,21740.6876,5112043007,5.531641097,924145821.7
1327792694,5.744402417,443645.1662,5.755418163,2548476.365,5.789066852,3429996143,5.77678638,593755059.9
1328397495,5.662475053,775352.7001,5.665970825,4390415.321,5.735839251,5632654263,5.735310448,982101024
1329002303,4.7308195,1146023.386,4.778932115,5421629.783,5.393791764,327934268.2,5.38487242,60899171.35
1329607255,4.647661723,631303.3624,4.665918856,2934084.473,4.792689065,108432248.7,4.79099476,22632512.48
1330212064,4.803740291,442080.2955,4.809309998,2123638.927,4.820539633,6503497.451,4.816681707,1350202.867
1330816864,4.879387009,365319.5761,4.882427413,1782535.594,4.917405228,11109065.25,4.915986392,2259783.565
1331422032,5.177938473,406637.6603,5.187481939,2105544.786,5.245809421,6828064.396,5.238417011,1303459.496
1332026835,4.823890709,512507.3151,4.831730635,2472279.276,4.820252195,4942043,4.813764203,1026648.334
1332631637,4.675685858,408558.7524,4.679932237,1910292.38,4.694883983,3512821.579,4.687680254,749373.1203
1333236576,4.876015451,463032.5063,4.878202557,2257753.655,4.923800453,107705897.8,4.92362575,21875321.83
1333841380,4.840069372,468516.6318,4.842496025,2267653,4.816468889,18295861.59,4.815953549,3799011.225
1334446199,5.101124206,446715.6799,5.105891958,2278752.168,5.050038323,33184675.44,5.046439415,6575859.277
1335051074,5.060261173,420552.037,5.061971914,2128103.144,5.091386191,318951111.4,5.091317962,62646079.82
1335655921,5.027291196,357250.8448,5.028998421,1796004.027,5.066224994,5040769.072,5.064615264,995291.6085
1336260726,4.983241463,386856.7532,4.984692329,1927800.613,5.023571854,3186317.995,5.022892062,634359.2409
1336865651,5.030551722,333886.6765,5.031667871,1679634.195,5.028692182,2711859.429,5.02798938,539352.6566
1337470462,5.089376909,284744.4923,5.090122216,1449172.044,5.113472711,2099425.826,5.113390176,410574.1501
1338075373,5.140696153,303516.2728,5.141827376,1560284.936,5.163483605,26798581.72,5.163426867,5190076.747
1338680326,5.426357295,391201.2841,5.433051519,2122797.942,5.373321546,111023014.4,5.372967929,20663256.48
1339285183,5.895990302,473978.8106,5.917993741,2794574.471,5.738912274,32095220.06,5.732962364,5598365.736
1339889983,6.475525663,397928.2239,6.480347568,2576794.426,6.481641429,9015218.322,6.477919055,1391684.312
1340494803,6.447463689,371545.9565,6.451802497,2395529.063,6.32534119,19474165.34,6.320300008,3081209.012
1341099851,6.603193725,356683.3221,6.62224088,2355249.074,6.551015272,118608124.5,6.464835425,18346657.99
1341704652,7.164490585,412729.0554,7.178917374,2956993.432,7.007984192,106721332.2,7.006707614,15231309.49
1342309606,8.462221266,873553.861,8.495440279,7392206.06,8.407677304,6662863.545,8.371690258,795880.3228
1342914430,8.581806078,406635.5945,8.592814961,3489667.816,8.666449702,7615956.635,8.663323785,879103.3122
1343519448,9.864265472,507587.0983,9.923156472,5006973.888,9.432477935,147591382.5,9.418036369,15671141.7
1344124254,11.05445648,451542.3304,11.06700525,4991555.042,11.24254984,107908452.4,11.24082533,9599691.233
1344729071,12.6705231,676520.235,12.76394289,8571865.267,12.57169475,67933518.03,12.52866967,5422245.126
1345333983,9.656940514,845362.0899,9.724829222,8163611.415,10.14809591,117785525.8,10.13963649,11616346
1345938973,10.8121844,489913.4939,10.83576282,5297035.035,11.13718649,207537671.1,11.11458362,18672554.75
1346543818,10.69219806,310913.8759,10.70599228,3324352.74,10.27501098,12939675.06,10.2580361,1261418.359
1347148619,11.23188875,300309.9148,11.23772927,3373047.553,11.40120231,8772688.238,11.3932,769993.3502
1347753438,12.16113633,263182.896,12.16676456,3200603.077,12.20756037,4512129.196,12.20142888,369803.3435
1348358287,12.15661989,223548.5501,12.15963722,2717594.751,11.89852951,169123879,11.89711815,14215533.29
1348963166,12.61948458,282506.1391,12.64039286,3565081.865,12.18259102,111036960.9,12.18007483,9116279.044
1349568159,11.76641866,341477.3654,11.7810007,4017965.645,11.80585632,12360459.72,11.79479338,1047958.987
1350173080,11.77141614,224512.8139,11.77367018,2642833.762,11.80962814,378676133.7,11.8095241,32065316.98
1350777885,10.97228299,409350.4802,11.01156498,4491509.313,11.57432142,20903341.91,11.55184448,1809524.18
1351382697,10.72830382,268866.9365,10.74024733,2884486.181,10.73082137,16268831.51,10.72356889,1517109.805
1351987530,10.7738931,208668.1999,10.77893181,2248168.879,10.84788936,8526829.433,10.84675041,786118.3405
1352592478,11.15426348,253467.1866,11.16472835,2827239.782,10.87970651,330980844.9,10.8794707,30422513.55
1353197366,11.91034008,236065.5883,11.91720542,2811621.436,12.15223455,38597715.22,12.15077445,3176564.209
1353802171,12.33689173,239251.3214,12.34029129,2951617.649,12.33117164,8745648.361,12.32831156,709395.469
1354406975,13.07995659,282155.0693,13.09070627,3690576.057,13.96956348,124832314.4,13.95411483,8945914.224
1355011831,13.49145744,278763.0054,13.49504207,3760919.223,13.51806817,13960624.53,13.51266233,1033151.291
1355616724,13.31671438,294285.6766,13.31953951,3918918.302,13.44727016,220479222.1,13.43398943,16412043.73
1356221533,13.33475331,169858.9891,13.33641033,2265027.716,13.17832207,18594909.69,13.17752513,1411107.891
1356826597,13.35898063,177765.8071,13.36024726,2374769.974,13.26505244,410510628.2,13.26472377,30947544.44
1357431470,13.82685843,280367.4545,13.83552921,3876601.103,13.96536391,189169180.4,13.95855432,13552204.33
1358036417,14.81062173,372269.1816,14.84537652,5513538.032,14.94244014,498813973.6,14.92022249,33432073.41
1358641294,17.10369475,567692.059,17.15019049,9709631.69,16.93301626,1.302092987e+10,16.93128805,769045440.1
1359246132,19.5056615,512964.5075,19.55804024,10005712.04,19.58685374,1890032523,19.50294942,96910086.9
1359850949,21.36599956,372516.738,21.41462271,7959192.462,21.19967159,931803198.6,21.13745528,44083035.84
1360455751,25.29658169,538314.0535,25.36971513,13617505.43,24.684312,695154640.9,24.64690225,28204544.08
1361060571,28.50372586,486635.6404,28.58328563,13870928.89,28.5524037,1842125917,28.50217153,64631072.57
1361665433,32.18103859,381144.8067,32.25612569,12265635.74,30.91728757,1041281252,30.83036494,33774535.41
1362270322,41.53318228,611538.2417,41.90705063,25399129.27,39.60909549,2541194402,39.20956206,64810578.57
1362875126,45.39330981,447915.8092,45.51726201,20332381.1,43.32816176,4091459487,43.24490672,94611361.14
1363479966,61.1192963,715229.5464,62.11290001,43714326.57,58.5612313,3397897017,57.52764909,59065459.32
1364084784,82.88438951,606674.7459,83.67109085,50283865.95,81.41040691,4979050756,80.38241294,61942041.48
1364689638,121.1615387,701904.5471,123.4219563,85043834.98,122.0988475,3.003829462e+10,120.3139803,249665870.4
1365294438,128.4114987,1975050.698,148.5574896,253619220,150.5873539,3.033895851e+10,129.7842164,233764623.8
1365899239,88.04863458,2318841.619,92.77884939,204170838.3,92.69883034,1.173166698e+10,88.46050026,132620400.6
1366504039,136.7427258,1195536.925,137.9703335,163480977.9,129.1455363,1.651780165e+10,128.1449811,128899325.7
1367108851,111.1583068,1343372.079,113.9541736,149326965.7,114.602968,1.90989589e+10,112.5005421,169767705.4
1367713660,113.1642623,774475.7056,113.433214,87642971.92,112.1736813,6945018613,111.9982328,62010073.21
1368318469,114.5774641,537477.0948,114.8231649,61582762.53,110.1329474,6138253181,109.9877269,55808528.39
1368923269,124.2770866,259683.6805,124.4711726,32272731.25,120.2647757,5623854322,120.0951061,46828338.85
1369528088,129.0557087,253088.0779,129.1151765,32662461.25,204.7279115,1289312939,127.343153,10124713.49
1370132889,117.9820698,416877.7771,118.2214402,49184102.99,115.6770314,4044197659,115.4517309,35029337.6
1370737699,101.5112435,516233.4589,101.7905644,52403500.33,102.9276621,4406790128,102.7152594,42902974.24
1371342523,106.5246815,301389.9638,106.7086627,32105469.91,104.3608834,5571858662,104.3252851,53408516.05
1371947325,99.83556951,340151.6636,100.0919027,33959235.05,95.201391,4306868022,95.05130483,45310982.63
1372552143,78.69311999,624097.7788,79.60160028,49112201.39,79.5937207,8162753743,78.78442102,103608729.2
1373156981,83.74171938,615334.9813,84.80384976,51529209.33,81.93306139,4303273580,80.79415723,53262187.85
1373761806,91.65733263,302647.8883,91.99458702,27739898.17,87.06883521,4731788837,86.94216069,54424559.95
1374366607,91.31771879,199300.7513,91.5674603,18199689.96,87.25207118,2508553983,87.21814441,28761836.2
1374971410,100.1375093,329008.8575,100.4413318,32946127.53,95.2842122,2839912880,95.23930994,29818704.93
1375576211,99.58092679,188829.0756,99.86331807,18803774.36,95.58932433,3848149116,95.55021301,40273579.67
1376181034,104.368719,249786.662,104.8362357,26069913.93,96.58256077,1986050558,96.50062686,20580701.11
1376785857,112.9870182,308653.3509,113.5355052,34873821.78,105.375171,2347231425,105.2395479,22303701.15
1377390688,125.5817988,351964.4428,126.3183832,44200327.84,118.4079423,3991957593,118.1335813,33791895.15
1377995520,128.7786797,297267.5313,129.4133934,38281720.18,119.9999573,3482996058,119.8569877,29059599.49
1378600483,129.2168632,294831.6955,129.7627585,38097226.86,123.3535895,1993810852,123.2631826,16175234.25
1379205329,129.8963587,183548.7842,130.2453182,23842318.71,123.2949505,2947926455,123.2722986,23913940.82
1379810137,129.8388277,172866.5728,130.248355,22444793.16,123.031498,3327583856,123.002522,27052972.58
1380414997,120.6614403,466053.2858,122.1332631,56234660.73,108.6378581,3954616602,106.7662209,37039960.49
1381019830,129.0555153,202805.789,129.4582309,26173205.61,123.895383,2803473060,123.851215,22635813.96
1381624649,149.7387891,588245.5773,151.1389473,88083180.47,141.3711566,1.331295946e+10,140.9066191,94480724.5
1382229472,187.870948,746319.8342,188.9638091,140211814.8,179.4677451,1.175582069e+10,178.843459,65732461
1382834287,199.5130205,251695.1539,199.9584126,50216460.4,189.4045083,4387687922,189.053044,23208766.33
1383439088,282.5439629,871378.6831,290.0062946,246202786.3,277.1275448,2.014635984e+10,268.348388,75075389.84
1384043892,367.1982985,733448.843,374.733042,269321167.2,361.5642007,1.844594286e+10,353.668751,52155987.23
1384648694,612.7815951,1127728.227,631.8935064,691051101.9,651.1228543,1.117747853e+11,630.3021799,177335235.2
1385253496,939.9100692,639376.7459,960.3438243,600956641.5,1107.970797,2.816044857e+11,1087.919623,258846774.8
1385858296,901.3434835,1170924.749,926.9211506,1055405392,1061.56979,3.088767997e+11,1039.666607,297092161.8
1386463096,863.6458658,531977.3181,870.6205651,459440011.5,873.0197202,5.075886731e+10,865.1114465,58673212.01
1387067897,629.7008689,1307204.837,646.0654718,823148021.4,669.5044707,6.351709887e+10,650.7217536,97610228.2
1387672709,694.8716967,407521.3338,698.7784531,283175040.7,698.6206881,4.41215458e+10,694.7210774,63509726.77
1388277510,781.4494354,300862.6333,784.6390045,235108934.9,796.7965614,3.528503124e+10,793.6426504,44459595.54
1388882312,880.4626865,578464.9462,885.5927197,509316800.6,912.5414576,7.408603638e+10,905.55728,81812645.12
1389487115,843.4201801,275956.6475,846.1749852,232747405.3,853.5866648,5.297165931e+10,850.8627789,62256406.81
1390091922,848.4092391,227922.9696,853.9354779,193371953.2,836.7101378,5.338507319e+10,833.2068196,64071814.99
1390696722,830.3806001,310978.2103,836.6062947,258230272.9,833.9102217,4.280563442e+10,827.1153989,51752916.8
1391301552,751.4606384,418172.0104,757.3711267,314239805.9,759.0997591,3.458995622e+10,750.2035147,46107430.24
1391906354,597.8086527,902445.8358,617.0720523,539489929.2,616.9039919,2.402412896e+10,606.4413165,39614927.8
1392511154,398.7819871,893619.0386,504.4402273,356359175.9,532.1240307,1.72612002e+10,463.4131038,37247976.07
1393115954,478.6024401,884845.7446,522.1683399,423489332.5,531.8564386,2.200338018e+10,503.2307268,43724238.22
1393720777,643.8343718,416531.4311,646.435001,268177252.3,624.8695082,9986106951,622.2647312,16048004.09
1394325588,637.859323,183234.4045,638.5991561,116877773.2,625.8852262,2664703533,625.8064247,4258031.601
1394930388,597.2321715,223596.3841,598.6563416,133538954.1,596.1135735,3450447277,595.2244923,5796883.901
1395535188,531.8488625,360633.7864,534.2137306,191802669.1,546.4020617,7609744549,544.138849,13984931.54
1396139988,455.79903,499289.6255,456.7103047,227575727,457.3168261,1.398190134e+10,456.4613303,30631075.21
1396744794,413.5304864,453276.3363,416.1137567,187443583.8,413.8998352,1.487332699e+10,411.8876215,36110157.76
1397349603,480.134961,544921.9819,482.9185451,261636094.5,485.528723,1.348024917e+10,482.8237812,27919604.81
1397954406,477.9876401,249847.7383,479.0226849,119424130.8,474.5930183,5470788730,473.8703686,11544905.72
1398559216,446.5794538,228461.2713,447.304004,102026109.7,438.9770239,8551864509,438.7432958,19491726.92
1399164029,438.0580797,163105.6875,438.4064187,71449764.24,430.9289274,4819745040,430.828395,11187157.34
1399768834,443.0038206,113195.1338,443.4490469,50145876.77,436.6616655,3252876461,436.6144099,7450226.99
1400373646,497.3801658,270462.7337,499.1923036,134522799.4,499.0476226,7046227792,497.1870443,14172187.05
1400978449,580.6929651,330450.4039,581.6308403,191890224.9,571.9371236,1.426489847e+10,571.2542225,24971191.31
1401583249,648.4677036,347952.8781,648.9925479,225636203.8,636.3663234,2.156223965e+10,636.1120398,33896921.14
1402188067,609.9147595,294987.5602,612.0876009,179917266.8,609.7860161,2.127900762e+10,608.6171356,34962879.57
1402792878,594.3825225,192222.5188,595.1628579,114253705.6,591.2769983,8299893894,591.1513338,14040218.5
1403397702,585.7839175,160718.7959,586.4753725,94146485.91,579.8579469,7499012227,579.5861771,12938562.93
1404002508,635.4354357,207628.7254,636.0426036,131934649.6,634.1749474,9976238743,633.9765117,15735975.32
1404607313,625.5740818,121924.2401,626.000192,76272644.56,617.4859897,1.071553832e+10,617.4061926,17355735.09
1405212118,624.0538696,116094.9262,624.4011638,72449487.95,617.4348165,5214971023,617.4055186,8446589.584
1405816925,609.9425644,128084.2254,610.7243064,78124020.87,602.2441792,7640778125,602.0529692,12691205.78
1406421736,582.6463029,185569.236,648.2691023,108121229.3,575.6231202,9138851641,575.4589102,15880980.34
1407026540,587.7311233,115833.1866,589.0274253,68078768.87,581.1002406,4060822859,581.055543,6988699.976
1407631341,526.6015612,299007.9362,528.5538254,157458046,511.2690676,1.076612147e+10,510.5840957,21085892.73
1408236142,493.6463366,367830.3652,494.8880519,181578112.3,490.7356771,1.979755933e+10,489.8393598,40416432.31
1408840948,509.4227281,149821.1101,509.8355966,76322278.62,504.2671028,9346231148,504.2133539,18536262.63
1409445751,484.4594109,224539.0731,484.9156683,108780067.1,476.6841347,7234202321,476.6213791,15178090.28
1410050552,476.9661018,189102.6042,477.6406792,90195531.98,472.4865436,1.696599071e+10,472.4286713,35912279.96
1410655360,428.473829,351828.817,430.7087508,150749440.4,422.819157,4.740285702e+10,420.9306944,112614398.6
1411260163,414.068229,343883.825,414.9246125,142391366.4,399.0204373,4.309709951e+10,398.417027,108170827.5
1411864984,369.6119598,399286.4916,370.7102932,147581062.7,352.7051767,2.373757395e+10,351.0931626,67610470.62
1412469788,335.8601186,783277.3112,337.9145715,263071610.6,329.9608398,3.54145572e+10,328.5189244,107800661
1413074594,386.5353307,482036.5376,387.0804044,186324152.4,375.4609995,1.337138357e+10,375.0389237,35653322.17
1413679405,368.9616937,321845.5504,369.8183998,118748679.4,365.7151462,2.069388316e+10,365.2068193,56663463.18
1414284206,342.9589171,343254.6706,343.5392412,117722250.1,336.0796133,2.136857675e+10,335.7711961,63640291.37
1414889007,336.1789172,291463.7768,337.1062598,97983976.91,331.7296033,1.483157971e+10,331.4826818,44743151.09
1415493808,399.9252115,778795.7136,402.009137,311460040.5,389.1449109,2.753193698e+10,387.6187394,71028395.13
1416098608,375.1599653,418255.1607,376.1363355,156912591.6,369.7542902,1.229938673e+10,369.089357,33323601.71
1416703409,375.2186735,329774.0491,375.6032554,123737381.3,368.0525451,2640479503,367.8620426,7177906.924
1417308214,377.7831928,224324.9312,378.1196282,84746188.75,377.2633671,4549992567,376.7727862,12076224.01
1417913017,355.6569508,288364.0132,356.1636555,102558665.7,346.5831655,6508854949,346.4259951,18788587.01
1418517817,326.1754924,412752.2064,326.9749066,134629654.2,323.9733712,7895625677,323.6428805,24396104.94
1419122619,326.7807687,235832.635,327.2578576,77065569.76,319.6038787,2188470516,319.4640189,6850444.451
1419727423,307.6420561,239263.5276,308.5262523,73607523.57,303.3205609,2525960663,302.8725718,8340011.274
1420332223,280.1150917,519805.6053,280.7878151,145605394.8,285.4103879,1.6863671e+10,278.5506977,60540760.24
1420937029,213.2969423,1421459.543,216.4498685,303192974.1,210.760623,2.041222171e+10,208.0813957,98097293.3
1421541831,222.5052042,651994.002,223.3741883,145072058.6,223.0074786,6942634797,221.7867489,31303199.27
1422146631,255.0333789,1024061.125,257.258845,261169768.8,243.7725008,1.444784811e+10,242.3937237,59604877.1
1422751431,227.2531906,608729.8836,227.7486956,138335808.3,218.8574804,9902083072,218.6650394,45284253.49
1423356241,231.3537585,557084.0494,232.2056446,128883488.6,224.2954114,1.232120496e+10,223.7662011,55062850.88
1423961047,242.3077114,555061.0308,242.8181507,134495568,236.4247589,8276934346,236.2009092,35041924.15
1424565848,244.6493216,371584.9757,245.3076231,90908012.21,241.0573288,3659169176,240.7108821,15201511.22
1425170658,272.0270979,657691.5317,272.5507841,178909918.7,267.5771932,3998237264,267.4739952,14948134.53
1425775464,289.1991048,481845.5692,289.638962,139349307.2,283.2726878,6830193990,283.108363,24125723.16
1426380267,269.8185669,445855.657,270.7956075,120300134.4,264.8609397,5211804922,264.2480247,19723155.65
1426985067,253.1707637,423451.7301,253.7659334,107205597.9,253.9121886,2406845363,253.6566581,9488595.257
1427589874,248.290214,341060.5106,248.804331,84681987.19,244.2196254,2784097109,244.0205354,11409273.83
1428194677,247.3761564,339489.1467,248.2234962,83981520.28,243.7419696,3867515519,243.496008,15883281.01
1428799477,225.7388579,388911.7133,226.5690496,87792485.98,224.9685479,3032255470,224.8122849,13487943.82
1429404279,231.5184481,311329.0499,232.1830221,72078418.48,229.2421743,1454520278,229.1322493,6347950.945
1430009085,228.8545848,406292.3577,229.4622203,92981868.83,229.5143736,1.978137328e+10,229.3910715,86234277.34
1430613889,238.7592002,373672.6214,239.2397389,89217776.23,238.8844346,3446739575,238.835616,14431430.43
1431218698,241.2308506,274434.9792,241.9284932,66202183.47,239.2358889,1675565129,239.2094506,7004594.194
1431823505,237.4828393,232859.75,238.0864942,55300194.59,238.0003633,1479180818,237.9658579,6215937.155
1432428310,238.8712175,202002.6789,239.478601,48252625.86,238.7976846,2402338494,238.7835031,10060738.97
1433033116,227.227328,304517.2572,227.8322862,69194642.67,227.0586508,4678385192,227.0396213,20606029.76
1433637916,230.7289634,261265.1842,231.5686167,60281445.14,230.1822032,7431373143,230.1626011,32287492
1434242717,246.4817202,403857.4145,247.1665622,99543470.23,245.8640159,5.022950581e+10,245.7701714,204375923.8
1434847524,247.3255086,202358.3922,248.7675042,50048392.26,245.4946407,8553139203,245.4836446,34841992.09
1435452330,259.5765692,342225.6188,261.5850499,88833752.02,254.6872127,1.025420277e+10,254.6747546,40263915.36
1436057132,276.5942871,666058.2004,277.3746092,184227893.1,270.86405,1.020873989e+11,270.5983957,377265351.8
1436661941,289.5835567,542029.1162,290.4532104,156962719.3,278.6351835,4.709499525e+10,278.4731462,169118623.8
1437266754,281.6578295,251981.5131,282.4051748,70972566.05,276.6918254,2.96022148e+10,276.5234041,107051390.1
1437871568,290.8261638,255281.7637,291.8043907,74242616.03,284.4881896,3.044234495e+10,284.4567791,107019228.2
1438476373,279.959633,247055.6452,281.052188,69165607.75,274.0916521,2.798959964e+10,273.9559614,102168244.5
1439081174,267.4680253,242072.1464,268.3078854,64746559,262.2157086,2.089227323e+10,262.1746434,79688382.37
1439685990,236.8860684,487879.6226,238.7013334,115571885.6,233.9973177,2.940526486e+10,233.4163142,125977761.9
1440290796,222.4294576,527553.1188,223.302042,117343354.1,218.0886614,5.892553906e+10,217.803911,270543989.7
1440895603,231.3771052,305736.5203,232.7805033,70740431,225.6203665,1.50170012e+10,225.5979476,66565327.21
1441500417,241.7287884,345334.7558,242.4426455,83477352.11,237.3764246,1.729609977e+10,237.3291242,72878117.34
1442105217,232.7897476,304186.3422,233.6132138,70811461.84,229.4554264,1.500299814e+10,229.4365667,65390614.73
1442710019,233.1478347,324452.151,233.9893633,75645316.48,230.4108679,1.025428733e+10,230.3808668,44510151.71
1443314826,238.88087,312132.6622,239.6555702,74562521.9,235.3829767,1.92475589e+10,235.3771373,81773272.95
1443919629,244.8220595,307391.417,245.8052105,75256199.78,241.7837663,1.176732551e+10,241.7630268,48672973.97
1444524439,258.2791136,401446.6672,259.4852296,103685289.4,253.9204906,1.890052774e+10,253.5729163,74536855.17
1445129262,273.0749874,371505.6107,274.1836865,101448890,265.1859531,1.271546698e+10,265.0875851,47967040.69
1445734063,307.004736,669881.6516,308.3972591,205656839.6,301.4647118,4.59937563e+10,301.0347597,152785533.3
1446338864,397.7189038,1576847.137,402.3531826,627141914.8,375.5665025,4.462607746e+10,372.2987746,119866302.3
